row,col,prediction_probability,ground_truth,distance_kernel_weight,weighted_tp,weighted_fp,weighted_fn
3109,1728,0.02730027586221695,0,0.0,0.0,0.02730027586221695,0.0
3109,1729,0.027504857629537582,0,0.0,0.0,0.027504857629537582,0.0
3109,1730,0.026689395308494568,0,0.0,0.0,0.026689395308494568,0.0
3109,1731,0.023428095504641533,0,0.0,0.0,0.023428095504641533,0.0
3109,1732,0.022838696837425232,0,0.0,0.0,0.022838696837425232,0.0
3109,1733,0.023429442197084427,0,0.0,0.0,0.023429442197084427,0.0
3109,1734,0.02187727764248848,0,0.0,0.0,0.02187727764248848,0.0
3109,1735,0.022226331755518913,0,0.0,0.0,0.022226331755518913,0.0
3109,1736,0.02639111503958702,0,0.0,0.0,0.02639111503958702,0.0
3109,1737,0.029985636472702026,0,0.0,0.0,0.029985636472702026,0.0
3109,1738,0.02777174301445484,0,0.0,0.0,0.02777174301445484,0.0
3109,1739,0.025536609813570976,0,0.0,0.0,0.025536609813570976,0.0
3109,1740,0.022588470950722694,0,0.0,0.0,0.022588470950722694,0.0
3109,1741,0.02199849858880043,0,0.0,0.0,0.02199849858880043,0.0
3109,1742,0.02322256937623024,0,0.0,0.0,0.02322256937623024,0.0
3109,1743,0.02585100196301937,0,0.0,0.0,0.02585100196301937,0.0
3109,1744,0.02784831076860428,0,0.0,0.0,0.02784831076860428,0.0
3109,1745,0.028098633512854576,0,0.0,0.0,0.028098633512854576,0.0
3109,1746,0.02822786010801792,0,0.0,0.0,0.02822786010801792,0.0
3109,1747,0.022414373233914375,0,0.0,0.0,0.022414373233914375,0.0
3109,1748,0.025471730157732964,0,0.0,0.0,0.025471730157732964,0.0
3109,1749,0.03078126162290573,0,0.0,0.0,0.03078126162290573,0.0
3109,1750,0.03216024488210678,0,0.0,0.0,0.03216024488210678,0.0
3109,1751,0.040268540382385254,0,0.0,0.0,0.040268540382385254,0.0
3109,1752,0.05383555218577385,0,0.0,0.0,0.05383555218577385,0.0
3109,1753,0.057282302528619766,0,0.0,0.0,0.057282302528619766,0.0
3109,1754,0.13966892659664154,0,0.0,0.0,0.13966892659664154,0.0
3109,1755,0.15058347582817078,0,0.0,0.0,0.15058347582817078,0.0
3109,1756,0.17212943732738495,0,0.0,0.0,0.17212943732738495,0.0
3109,1757,0.14820215106010437,0,0.0,0.0,0.14820215106010437,0.0
3109,1758,0.10848173499107361,0,0.0,0.0,0.10848173499107361,0.0
3109,1759,0.3055107593536377,0,0.0,0.0,0.3055107593536377,0.0
3109,1760,0.2062874138355255,0,0.0,0.0,0.2062874138355255,0.0
3109,1761,0.15727555751800537,0,0.0,0.0,0.15727555751800537,0.0
3109,1762,0.24136200547218323,0,0.0,0.0,0.24136200547218323,0.0
3109,1763,0.3049764037132263,0,0.2546440075000701,0.0,0.2273159900787311,0.0
3109,1764,0.2648371458053589,0,0.5285954792089683,0.0,0.12484542780603979,0.0
3109,1765,0.4601874351501465,0,0.6666666666666667,0.0,0.15339581171671546,0.0
3109,1766,0.3467974364757538,1,1.0,0.45014500617980957,0.0,0.5498549938201904
3109,1767,0.3821485638618469,0,0.6666666666666667,0.0,0.1273828546206156,0.0
3109,1768,0.270049512386322,0,0.33333333333333337,0.0,0.180033008257548,0.0
3109,1769,0.2438546121120453,0,0.0,0.0,0.2438546121120453,0.0
3109,1770,0.2428642213344574,0,0.0,0.0,0.2428642213344574,0.0
3109,1771,0.13679833710193634,0,0.0,0.0,0.13679833710193634,0.0
3109,1772,0.2105661779642105,0,0.0,0.0,0.2105661779642105,0.0
3109,1773,0.09091819077730179,0,0.0,0.0,0.09091819077730179,0.0
3109,1774,0.10782552510499954,0,0.0,0.0,0.10782552510499954,0.0
3109,1775,0.07861367613077164,0,0.0,0.0,0.07861367613077164,0.0
3109,1776,0.04662087932229042,0,0.0,0.0,0.04662087932229042,0.0
3109,1777,0.03819733113050461,0,0.0,0.0,0.03819733113050461,0.0
3109,1778,0.05811883881688118,0,0.0,0.0,0.05811883881688118,0.0
3109,1779,0.09201950579881668,0,0.0,0.0,0.09201950579881668,0.0
3109,1780,0.0654129683971405,0,0.0,0.0,0.0654129683971405,0.0
3109,1781,0.06969794631004333,0,0.0,0.0,0.06969794631004333,0.0
3109,1782,0.05695239081978798,0,0.0,0.0,0.05695239081978798,0.0
3109,1783,0.039991844445466995,0,0.0,0.0,0.039991844445466995,0.0
3109,1784,0.05489518493413925,0,0.0,0.0,0.05489518493413925,0.0
3109,1785,0.04189759120345116,0,0.0,0.0,0.04189759120345116,0.0
3109,1786,0.03177616372704506,0,0.0,0.0,0.03177616372704506,0.0
3109,1787,0.029340974986553192,0,0.0,0.0,0.029340974986553192,0.0
3109,1788,0.04170047491788864,0,0.0,0.0,0.04170047491788864,0.0
3110,1728,0.015576436184346676,0,0.0,0.0,0.015576436184346676,0.0
3110,1729,0.01698102429509163,0,0.0,0.0,0.01698102429509163,0.0
3110,1730,0.023794710636138916,0,0.0,0.0,0.023794710636138916,0.0
3110,1731,0.02499941922724247,0,0.0,0.0,0.02499941922724247,0.0
3110,1732,0.025436976924538612,0,0.0,0.0,0.025436976924538612,0.0
3110,1733,0.020466305315494537,0,0.0,0.0,0.020466305315494537,0.0
3110,1734,0.020154142752289772,0,0.0,0.0,0.020154142752289772,0.0
3110,1735,0.019802866503596306,0,0.0,0.0,0.019802866503596306,0.0
3110,1736,0.02296123467385769,0,0.0,0.0,0.02296123467385769,0.0
3110,1737,0.021945077925920486,0,0.0,0.0,0.021945077925920486,0.0
3110,1738,0.02591744251549244,0,0.0,0.0,0.02591744251549244,0.0
3110,1739,0.023052340373396873,0,0.0,0.0,0.023052340373396873,0.0
3110,1740,0.019803544506430626,0,0.0,0.0,0.019803544506430626,0.0
3110,1741,0.021746721118688583,0,0.0,0.0,0.021746721118688583,0.0
3110,1742,0.022711070254445076,0,0.0,0.0,0.022711070254445076,0.0
3110,1743,0.026187948882579803,0,0.0,0.0,0.026187948882579803,0.0
3110,1744,0.029894206672906876,0,0.0,0.0,0.029894206672906876,0.0
3110,1745,0.02757437899708748,0,0.0,0.0,0.02757437899708748,0.0
3110,1746,0.02548135630786419,0,0.0,0.0,0.02548135630786419,0.0
3110,1747,0.018614230677485466,0,0.0,0.0,0.018614230677485466,0.0
3110,1748,0.02326035685837269,0,0.0,0.0,0.02326035685837269,0.0
3110,1749,0.02914273366332054,0,0.0,0.0,0.02914273366332054,0.0
3110,1750,0.031094908714294434,0,0.0,0.0,0.031094908714294434,0.0
3110,1751,0.04335956275463104,0,0.0,0.0,0.04335956275463104,0.0
3110,1752,0.0579603835940361,0,0.0,0.0,0.0579603835940361,0.0
3110,1753,0.0548718199133873,0,0.0,0.0,0.0548718199133873,0.0
3110,1754,0.10398326814174652,0,0.0,0.0,0.10398326814174652,0.0
3110,1755,0.16192595660686493,0,0.0,0.0,0.16192595660686493,0.0
3110,1756,0.15653567016124725,0,0.0,0.0,0.15653567016124725,0.0
3110,1757,0.1151304617524147,0,0.0,0.0,0.1151304617524147,0.0
3110,1758,0.16359204053878784,0,0.0,0.0,0.16359204053878784,0.0
3110,1759,0.2956077754497528,0,0.0,0.0,0.2956077754497528,0.0
3110,1760,0.3133234977722168,0,0.0,0.0,0.3133234977722168,0.0
3110,1761,0.30684882402420044,0,0.0,0.0,0.30684882402420044,0.0
3110,1762,0.3197658658027649,0,0.057190958417936644,0.0,0.3014781494681635,0.0
3110,1763,0.2744092047214508,0,0.33333333333333337,0.0,0.18293946981430054,0.0
3110,1764,0.3774706721305847,0,0.6666666666666667,0.0,0.12582355737686154,0.0
3110,1765,0.39898890256881714,1,1.0,0.45014500617980957,0.0,0.5498549938201904
3110,1766,0.35806626081466675,0,0.6666666666666667,0.0,0.11935542027155556,0.0
3110,1767,0.28518545627593994,0,0.5285954792089683,0.0,0.13443771335233118,0.0
3110,1768,0.1275612711906433,0,0.2546440075000701,0.0,0.09507855789285466,0.0
3110,1769,0.21907883882522583,0,0.0,0.0,0.21907883882522583,0.0
3110,1770,0.26377370953559875,0,0.0,0.0,0.26377370953559875,0.0
3110,1771,0.2220219075679779,0,0.0,0.0,0.2220219075679779,0.0
3110,1772,0.12238909304141998,0,0.0,0.0,0.12238909304141998,0.0
3110,1773,0.15180614590644836,0,0.0,0.0,0.15180614590644836,0.0
3110,1774,0.08089331537485123,0,0.0,0.0,0.08089331537485123,0.0
3110,1775,0.04629143700003624,0,0.0,0.0,0.04629143700003624,0.0
3110,1776,0.0305899940431118,0,0.0,0.0,0.0305899940431118,0.0
3110,1777,0.03475407883524895,0,0.0,0.0,0.03475407883524895,0.0
3110,1778,0.05376919358968735,0,0.0,0.0,0.05376919358968735,0.0
3110,1779,0.08258841186761856,0,0.0,0.0,0.08258841186761856,0.0
3110,1780,0.06931993365287781,0,0.0,0.0,0.06931993365287781,0.0
3110,1781,0.06486694514751434,0,0.0,0.0,0.06486694514751434,0.0
3110,1782,0.050737153738737106,0,0.0,0.0,0.050737153738737106,0.0
3110,1783,0.04796552658081055,0,0.0,0.0,0.04796552658081055,0.0
3110,1784,0.04258998483419418,0,0.0,0.0,0.04258998483419418,0.0
3110,1785,0.03171807900071144,0,0.0,0.0,0.03171807900071144,0.0
3110,1786,0.03275736793875694,0,0.0,0.0,0.03275736793875694,0.0
3110,1787,0.026933489367365837,0,0.0,0.0,0.026933489367365837,0.0
3110,1788,0.03267418220639229,0,0.0,0.0,0.03267418220639229,0.0
3111,1728,0.008514991030097008,0,0.0,0.0,0.008514991030097008,0.0
3111,1729,0.008315345272421837,0,0.0,0.0,0.008315345272421837,0.0
3111,1730,0.007168509531766176,0,0.0,0.0,0.007168509531766176,0.0
3111,1731,0.00795811228454113,0,0.0,0.0,0.00795811228454113,0.0
3111,1732,0.010089123621582985,0,0.0,0.0,0.010089123621582985,0.0
3111,1733,0.016565430909395218,0,0.0,0.0,0.016565430909395218,0.0
3111,1734,0.01625251956284046,0,0.0,0.0,0.01625251956284046,0.0
3111,1735,0.022003687918186188,0,0.0,0.0,0.022003687918186188,0.0
3111,1736,0.02211204543709755,0,0.0,0.0,0.02211204543709755,0.0
3111,1737,0.020944256335496902,0,0.0,0.0,0.020944256335496902,0.0
3111,1738,0.02112366072833538,0,0.0,0.0,0.02112366072833538,0.0
3111,1739,0.019976910203695297,0,0.0,0.0,0.019976910203695297,0.0
3111,1740,0.02109307423233986,0,0.0,0.0,0.02109307423233986,0.0
3111,1741,0.02052583172917366,0,0.0,0.0,0.02052583172917366,0.0
3111,1742,0.02273549884557724,0,0.0,0.0,0.02273549884557724,0.0
3111,1743,0.024731222540140152,0,0.0,0.0,0.024731222540140152,0.0
3111,1744,0.0256358552724123,0,0.0,0.0,0.0256358552724123,0.0
3111,1745,0.024554550647735596,0,0.0,0.0,0.024554550647735596,0.0
3111,1746,0.01901247911155224,0,0.0,0.0,0.01901247911155224,0.0
3111,1747,0.013192722573876381,0,0.0,0.0,0.013192722573876381,0.0
3111,1748,0.014100541360676289,0,0.0,0.0,0.014100541360676289,0.0
3111,1749,0.02073099836707115,0,0.0,0.0,0.02073099836707115,0.0
3111,1750,0.02831830084323883,0,0.0,0.0,0.02831830084323883,0.0
3111,1751,0.04331609234213829,0,0.0,0.0,0.04331609234213829,0.0
3111,1752,0.06086328998208046,0,0.0,0.0,0.06086328998208046,0.0
3111,1753,0.058185793459415436,0,0.0,0.0,0.058185793459415436,0.0
3111,1754,0.10635922849178314,0,0.0,0.0,0.10635922849178314,0.0
3111,1755,0.13824400305747986,0,0.0,0.0,0.13824400305747986,0.0
3111,1756,0.15294907987117767,0,0.0,0.0,0.15294907987117767,0.0
3111,1757,0.12293655425310135,0,0.0,0.0,0.12293655425310135,0.0
3111,1758,0.1850113570690155,0,0.0,0.0,0.1850113570690155,0.0
3111,1759,0.245849609375,0,0.0,0.0,0.245849609375,0.0
3111,1760,0.26755473017692566,0,0.0,0.0,0.26755473017692566,0.0
3111,1761,0.2841106057167053,0,0.057190958417936644,0.0,0.2678620478790664,0.0
3111,1762,0.3165883719921112,0,0.2546440075000701,0.0,0.23597104022011706,0.0
3111,1763,0.3167019784450531,0,0.5285954792089683,0.0,0.1492947443824619,0.0
3111,1764,0.30623164772987366,0,0.6666666666666667,0.0,0.10207721590995786,0.0
3111,1765,0.37596026062965393,1,1.0,0.45014500617980957,0.0,0.5498549938201904
3111,1766,0.17031970620155334,0,0.6666666666666667,0.0,0.05677323540051777,0.0
3111,1767,0.2532191872596741,0,0.33333333333333337,0.0,0.16881279150644937,0.0
3111,1768,0.21660330891609192,0,0.057190958417936644,0.0,0.2042155580826842,0.0
3111,1769,0.22650393843650818,0,0.0,0.0,0.22650393843650818,0.0
3111,1770,0.3007904887199402,0,0.0,0.0,0.3007904887199402,0.0
3111,1771,0.32763972878456116,0,0.0,0.0,0.32763972878456116,0.0
3111,1772,0.27513542771339417,0,0.0,0.0,0.27513542771339417,0.0
3111,1773,0.14896735548973083,0,0.0,0.0,0.14896735548973083,0.0
3111,1774,0.09302970767021179,0,0.0,0.0,0.09302970767021179,0.0
3111,1775,0.05987083911895752,0,0.0,0.0,0.05987083911895752,0.0
3111,1776,0.053302306681871414,0,0.0,0.0,0.053302306681871414,0.0
3111,1777,0.03248313069343567,0,0.0,0.0,0.03248313069343567,0.0
3111,1778,0.07440228760242462,0,0.0,0.0,0.07440228760242462,0.0
3111,1779,0.05226295813918114,0,0.0,0.0,0.05226295813918114,0.0
3111,1780,0.06889664381742477,0,0.0,0.0,0.06889664381742477,0.0
3111,1781,0.07282059639692307,0,0.0,0.0,0.07282059639692307,0.0
3111,1782,0.04675799608230591,0,0.0,0.0,0.04675799608230591,0.0
3111,1783,0.030412858352065086,0,0.0,0.0,0.030412858352065086,0.0
3111,1784,0.03687477856874466,0,0.0,0.0,0.03687477856874466,0.0
3111,1785,0.03591252490878105,0,0.0,0.0,0.03591252490878105,0.0
3111,1786,0.02445897087454796,0,0.0,0.0,0.02445897087454796,0.0
3111,1787,0.027351167052984238,0,0.0,0.0,0.027351167052984238,0.0
3111,1788,0.0322071798145771,0,0.0,0.0,0.0322071798145771,0.0
3112,1728,0.009306725114583969,0,0.0,0.0,0.009306725114583969,0.0
3112,1729,0.010613342747092247,0,0.0,0.0,0.010613342747092247,0.0
3112,1730,0.007966502569615841,0,0.0,0.0,0.007966502569615841,0.0
3112,1731,0.0061844149604439735,0,0.0,0.0,0.0061844149604439735,0.0
3112,1732,0.0072030555456876755,0,0.0,0.0,0.0072030555456876755,0.0
3112,1733,0.006698296405375004,0,0.0,0.0,0.006698296405375004,0.0
3112,1734,0.008592966012656689,0,0.0,0.0,0.008592966012656689,0.0
3112,1735,0.009449497796595097,0,0.0,0.0,0.009449497796595097,0.0
3112,1736,0.018023008480668068,0,0.0,0.0,0.018023008480668068,0.0
3112,1737,0.01743803173303604,0,0.0,0.0,0.01743803173303604,0.0
3112,1738,0.01606765389442444,0,0.0,0.0,0.01606765389442444,0.0
3112,1739,0.016499482095241547,0,0.0,0.0,0.016499482095241547,0.0
3112,1740,0.020547112450003624,0,0.0,0.0,0.020547112450003624,0.0
3112,1741,0.02265513688325882,0,0.0,0.0,0.02265513688325882,0.0
3112,1742,0.027924587950110435,0,0.0,0.0,0.027924587950110435,0.0
3112,1743,0.02671935223042965,0,0.0,0.0,0.02671935223042965,0.0
3112,1744,0.024269558489322662,0,0.0,0.0,0.024269558489322662,0.0
3112,1745,0.023282142356038094,0,0.0,0.0,0.023282142356038094,0.0
3112,1746,0.024364417418837547,0,0.0,0.0,0.024364417418837547,0.0
3112,1747,0.01785094663500786,0,0.0,0.0,0.01785094663500786,0.0
3112,1748,0.016389906406402588,0,0.0,0.0,0.016389906406402588,0.0
3112,1749,0.015929631888866425,0,0.0,0.0,0.015929631888866425,0.0
3112,1750,0.020899835973978043,0,0.0,0.0,0.020899835973978043,0.0
3112,1751,0.02589736133813858,0,0.0,0.0,0.02589736133813858,0.0
3112,1752,0.04681875556707382,0,0.0,0.0,0.04681875556707382,0.0
3112,1753,0.0507090799510479,0,0.0,0.0,0.0507090799510479,0.0
3112,1754,0.0862799659371376,0,0.0,0.0,0.0862799659371376,0.0
3112,1755,0.14350450038909912,0,0.0,0.0,0.14350450038909912,0.0
3112,1756,0.150208979845047,0,0.0,0.0,0.150208979845047,0.0
3112,1757,0.0900566428899765,0,0.0,0.0,0.0900566428899765,0.0
3112,1758,0.07623806595802307,0,0.0,0.0,0.07623806595802307,0.0
3112,1759,0.18603162467479706,0,0.0,0.0,0.18603162467479706,0.0
3112,1760,0.19366848468780518,0,0.0,0.0,0.19366848468780518,0.0
3112,1761,0.2704728841781616,0,0.2546440075000701,0.0,0.20159858503093225,0.0
3112,1762,0.35569310188293457,0,0.5285954792089683,0.0,0.16767533624180037,0.0
3112,1763,0.3512936234474182,0,0.6666666666666667,0.0,0.1170978744824727,0.0
3112,1764,0.26626598834991455,1,1.0,0.471871942281723,0.0,0.5281280279159546
3112,1765,0.2672690451145172,0,0.6666666666666667,0.0,0.08908968170483905,0.0
3112,1766,0.2528708577156067,0,0.5285954792089683,0.0,0.11920446550344273,0.0
3112,1767,0.2507873475551605,0,0.2546440075000701,0.0,0.18692585234340153,0.0
3112,1768,0.13297265768051147,0,0.0,0.0,0.13297265768051147,0.0
3112,1769,0.18264523148536682,0,0.0,0.0,0.18264523148536682,0.0
3112,1770,0.16916030645370483,0,0.0,0.0,0.16916030645370483,0.0
3112,1771,0.2517363429069519,0,0.0,0.0,0.2517363429069519,0.0
3112,1772,0.2238425612449646,0,0.0,0.0,0.2238425612449646,0.0
3112,1773,0.15794306993484497,0,0.0,0.0,0.15794306993484497,0.0
3112,1774,0.11506035178899765,0,0.0,0.0,0.11506035178899765,0.0
3112,1775,0.037970639765262604,0,0.0,0.0,0.037970639765262604,0.0
3112,1776,0.02572999894618988,0,0.0,0.0,0.02572999894618988,0.0
3112,1777,0.03449123725295067,0,0.0,0.0,0.03449123725295067,0.0
3112,1778,0.04812774807214737,0,0.0,0.0,0.04812774807214737,0.0
3112,1779,0.12072862684726715,0,0.0,0.0,0.12072862684726715,0.0
3112,1780,0.08010637015104294,0,0.0,0.0,0.08010637015104294,0.0
3112,1781,0.053909819573163986,0,0.0,0.0,0.053909819573163986,0.0
3112,1782,0.0633712187409401,0,0.0,0.0,0.0633712187409401,0.0
3112,1783,0.03388197347521782,0,0.0,0.0,0.03388197347521782,0.0
3112,1784,0.02655407041311264,0,0.0,0.0,0.02655407041311264,0.0
3112,1785,0.027142688632011414,0,0.0,0.0,0.027142688632011414,0.0
3112,1786,0.02667386643588543,0,0.0,0.0,0.02667386643588543,0.0
3112,1787,0.022669345140457153,0,0.0,0.0,0.022669345140457153,0.0
3112,1788,0.02692912518978119,0,0.0,0.0,0.02692912518978119,0.0
3113,1728,0.00941555667668581,0,0.0,0.0,0.00941555667668581,0.0
3113,1729,0.009101847186684608,0,0.0,0.0,0.009101847186684608,0.0
3113,1730,0.008718183264136314,0,0.0,0.0,0.008718183264136314,0.0
3113,1731,0.006373955402523279,0,0.0,0.0,0.006373955402523279,0.0
3113,1732,0.005021023564040661,0,0.0,0.0,0.005021023564040661,0.0
3113,1733,0.005858621094375849,0,0.0,0.0,0.005858621094375849,0.0
3113,1734,0.005903065670281649,0,0.0,0.0,0.005903065670281649,0.0
3113,1735,0.004888509400188923,0,0.0,0.0,0.004888509400188923,0.0
3113,1736,0.005509752314537764,0,0.0,0.0,0.005509752314537764,0.0
3113,1737,0.007016881834715605,0,0.0,0.0,0.007016881834715605,0.0
3113,1738,0.006828234530985355,0,0.0,0.0,0.006828234530985355,0.0
3113,1739,0.006377686746418476,0,0.0,0.0,0.006377686746418476,0.0
3113,1740,0.00906968954950571,0,0.0,0.0,0.00906968954950571,0.0
3113,1741,0.009373467415571213,0,0.0,0.0,0.009373467415571213,0.0
3113,1742,0.01774437166750431,0,0.0,0.0,0.01774437166750431,0.0
3113,1743,0.0232623890042305,0,0.0,0.0,0.0232623890042305,0.0
3113,1744,0.02777157723903656,0,0.0,0.0,0.02777157723903656,0.0
3113,1745,0.02363520860671997,0,0.0,0.0,0.02363520860671997,0.0
3113,1746,0.022221561521291733,0,0.0,0.0,0.022221561521291733,0.0
3113,1747,0.01843394711613655,0,0.0,0.0,0.01843394711613655,0.0
3113,1748,0.01693018525838852,0,0.0,0.0,0.01693018525838852,0.0
3113,1749,0.016534706577658653,0,0.0,0.0,0.016534706577658653,0.0
3113,1750,0.017784034833312035,0,0.0,0.0,0.017784034833312035,0.0
3113,1751,0.018046841025352478,0,0.0,0.0,0.018046841025352478,0.0
3113,1752,0.027544641867280006,0,0.0,0.0,0.027544641867280006,0.0
3113,1753,0.04681558534502983,0,0.0,0.0,0.04681558534502983,0.0
3113,1754,0.06176965311169624,0,0.0,0.0,0.06176965311169624,0.0
3113,1755,0.14342139661312103,0,0.0,0.0,0.14342139661312103,0.0
3113,1756,0.12324322015047073,0,0.0,0.0,0.12324322015047073,0.0
3113,1757,0.08812384307384491,0,0.0,0.0,0.08812384307384491,0.0
3113,1758,0.08265183866024017,0,0.0,0.0,0.08265183866024017,0.0
3113,1759,0.1880643516778946,0,0.0,0.0,0.1880643516778946,0.0
3113,1760,0.24833056330680847,0,0.057190958417936644,0.0,0.234128300386826,0.0
3113,1761,0.2493358552455902,0,0.33333333333333337,0.0,0.16622390349706012,0.0
3113,1762,0.343614786863327,0,0.6666666666666667,0.0,0.11453826228777565,0.0
3113,1763,0.42809584736824036,1,1.0,0.48350411653518677,0.0,0.5164958834648132
3113,1764,0.3860059380531311,0,0.6666666666666667,0.0,0.12866864601771033,0.0
3113,1765,0.3412933945655823,0,0.5285954792089683,0.0,0.1608872491143328,0.0
3113,1766,0.29845064878463745,0,0.2546440075000701,0.0,0.22245197953712145,0.0
3113,1767,0.2829781472682953,0,0.057190958417936644,0.0,0.26679435581468947,0.0
3113,1768,0.18694821000099182,0,0.0,0.0,0.18694821000099182,0.0
3113,1769,0.18948803842067719,0,0.0,0.0,0.18948803842067719,0.0
3113,1770,0.10943542420864105,0,0.0,0.0,0.10943542420864105,0.0
3113,1771,0.1484680026769638,0,0.0,0.0,0.1484680026769638,0.0
3113,1772,0.250202476978302,0,0.0,0.0,0.250202476978302,0.0
3113,1773,0.15008148550987244,0,0.0,0.0,0.15008148550987244,0.0
3113,1774,0.06749642640352249,0,0.0,0.0,0.06749642640352249,0.0
3113,1775,0.04358084127306938,0,0.0,0.0,0.04358084127306938,0.0
3113,1776,0.04029049724340439,0,0.0,0.0,0.04029049724340439,0.0
3113,1777,0.03873450681567192,0,0.0,0.0,0.03873450681567192,0.0
3113,1778,0.0711628720164299,0,0.0,0.0,0.0711628720164299,0.0
3113,1779,0.06768392026424408,0,0.0,0.0,0.06768392026424408,0.0
3113,1780,0.08068240433931351,0,0.0,0.0,0.08068240433931351,0.0
3113,1781,0.09666216373443604,0,0.0,0.0,0.09666216373443604,0.0
3113,1782,0.05369090661406517,0,0.0,0.0,0.05369090661406517,0.0
3113,1783,0.03773641958832741,0,0.0,0.0,0.03773641958832741,0.0
3113,1784,0.022505728527903557,0,0.0,0.0,0.022505728527903557,0.0
3113,1785,0.019002510234713554,0,0.0,0.0,0.019002510234713554,0.0
3113,1786,0.023867212235927582,0,0.0,0.0,0.023867212235927582,0.0
3113,1787,0.038674842566251755,0,0.0,0.0,0.038674842566251755,0.0
3113,1788,0.0357234850525856,0,0.0,0.0,0.0357234850525856,0.0
3114,1728,0.010699539445340633,0,0.0,0.0,0.010699539445340633,0.0
3114,1729,0.007780790328979492,0,0.0,0.0,0.007780790328979492,0.0
3114,1730,0.009318972937762737,0,0.0,0.0,0.009318972937762737,0.0
3114,1731,0.007546619046479464,0,0.0,0.0,0.007546619046479464,0.0
3114,1732,0.004885712172836065,0,0.0,0.0,0.004885712172836065,0.0
3114,1733,0.006228737533092499,0,0.0,0.0,0.006228737533092499,0.0
3114,1734,0.005954043939709663,0,0.0,0.0,0.005954043939709663,0.0
3114,1735,0.00727465795353055,0,0.0,0.0,0.00727465795353055,0.0
3114,1736,0.007984875701367855,0,0.0,0.0,0.007984875701367855,0.0
3114,1737,0.006946988869458437,0,0.0,0.0,0.006946988869458437,0.0
3114,1738,0.00507351802662015,0,0.0,0.0,0.00507351802662015,0.0
3114,1739,0.006151173729449511,0,0.0,0.0,0.006151173729449511,0.0
3114,1740,0.007364328484982252,0,0.0,0.0,0.007364328484982252,0.0
3114,1741,0.008297265507280827,0,0.0,0.0,0.008297265507280827,0.0
3114,1742,0.009282693266868591,0,0.0,0.0,0.009282693266868591,0.0
3114,1743,0.008329290896654129,0,0.0,0.0,0.008329290896654129,0.0
3114,1744,0.008165160194039345,0,0.0,0.0,0.008165160194039345,0.0
3114,1745,0.01928836479783058,0,0.0,0.0,0.01928836479783058,0.0
3114,1746,0.02202305756509304,0,0.0,0.0,0.02202305756509304,0.0
3114,1747,0.01767086423933506,0,0.0,0.0,0.01767086423933506,0.0
3114,1748,0.015829743817448616,0,0.0,0.0,0.015829743817448616,0.0
3114,1749,0.01750120148062706,0,0.0,0.0,0.01750120148062706,0.0
3114,1750,0.017629215493798256,0,0.0,0.0,0.017629215493798256,0.0
3114,1751,0.01665777899324894,0,0.0,0.0,0.01665777899324894,0.0
3114,1752,0.025906508788466454,0,0.0,0.0,0.025906508788466454,0.0
3114,1753,0.04215901717543602,0,0.0,0.0,0.04215901717543602,0.0
3114,1754,0.05376337841153145,0,0.0,0.0,0.05376337841153145,0.0
3114,1755,0.11939013749361038,0,0.0,0.0,0.11939013749361038,0.0
3114,1756,0.12197025865316391,0,0.0,0.0,0.12197025865316391,0.0
3114,1757,0.09365157783031464,0,0.0,0.0,0.09365157783031464,0.0
3114,1758,0.11370405554771423,0,0.0,0.0,0.11370405554771423,0.0
3114,1759,0.22686214745044708,0,0.057190958417936644,0.0,0.21388768380900475,0.0
3114,1760,0.24382419884204865,0,0.2546440075000701,0.0,0.18173582772341543,0.0
3114,1761,0.32917746901512146,0,0.5285954792089683,0.0,0.155175747036278,0.0
3114,1762,0.4601694941520691,0,0.6666666666666667,0.0,0.15338983138402298,0.0
3114,1763,0.41408848762512207,1,1.0,0.48350411653518677,0.0,0.5164958834648132
3114,1764,0.3763979971408844,0,0.6666666666666667,0.0,0.12546599904696143,0.0
3114,1765,0.2816429138183594,0,0.33333333333333337,0.0,0.1877619425455729,0.0
3114,1766,0.23338112235069275,0,0.057190958417936644,0.0,0.2200338322868029,0.0
3114,1767,0.26616373658180237,0,0.0,0.0,0.26616373658180237,0.0
3114,1768,0.19578973948955536,0,0.0,0.0,0.19578973948955536,0.0
3114,1769,0.09350167214870453,0,0.0,0.0,0.09350167214870453,0.0
3114,1770,0.14643092453479767,0,0.0,0.0,0.14643092453479767,0.0
3114,1771,0.1083025336265564,0,0.0,0.0,0.1083025336265564,0.0
3114,1772,0.12605249881744385,0,0.0,0.0,0.12605249881744385,0.0
3114,1773,0.10625532269477844,0,0.0,0.0,0.10625532269477844,0.0
3114,1774,0.10092299431562424,0,0.0,0.0,0.10092299431562424,0.0
3114,1775,0.0692138746380806,0,0.0,0.0,0.0692138746380806,0.0
3114,1776,0.04775528609752655,0,0.0,0.0,0.04775528609752655,0.0
3114,1777,0.0524098165333271,0,0.0,0.0,0.0524098165333271,0.0
3114,1778,0.05653214082121849,0,0.0,0.0,0.05653214082121849,0.0
3114,1779,0.07326134294271469,0,0.0,0.0,0.07326134294271469,0.0
3114,1780,0.08934416621923447,0,0.0,0.0,0.08934416621923447,0.0
3114,1781,0.07707492262125015,0,0.0,0.0,0.07707492262125015,0.0
3114,1782,0.0863916277885437,0,0.0,0.0,0.0863916277885437,0.0
3114,1783,0.06923358142375946,0,0.0,0.0,0.06923358142375946,0.0
3114,1784,0.02598247304558754,0,0.0,0.0,0.02598247304558754,0.0
3114,1785,0.023248810321092606,0,0.0,0.0,0.023248810321092606,0.0
3114,1786,0.023159725591540337,0,0.0,0.0,0.023159725591540337,0.0
3114,1787,0.02404133975505829,0,0.0,0.0,0.02404133975505829,0.0
3114,1788,0.031084483489394188,0,0.0,0.0,0.031084483489394188,0.0
3115,1728,0.010361798107624054,0,0.0,0.0,0.010361798107624054,0.0
3115,1729,0.007848968729376793,0,0.0,0.0,0.007848968729376793,0.0
3115,1730,0.00933756772428751,0,0.0,0.0,0.00933756772428751,0.0
3115,1731,0.007659547496587038,0,0.0,0.0,0.007659547496587038,0.0
3115,1732,0.003942135255783796,0,0.0,0.0,0.003942135255783796,0.0
3115,1733,0.004654683172702789,0,0.0,0.0,0.004654683172702789,0.0
3115,1734,0.007033339701592922,0,0.0,0.0,0.007033339701592922,0.0
3115,1735,0.005720879882574081,0,0.0,0.0,0.005720879882574081,0.0
3115,1736,0.007577915675938129,0,0.0,0.0,0.007577915675938129,0.0
3115,1737,0.008474268019199371,0,0.0,0.0,0.008474268019199371,0.0
3115,1738,0.009727208875119686,0,0.0,0.0,0.009727208875119686,0.0
3115,1739,0.007294488605111837,0,0.0,0.0,0.007294488605111837,0.0
3115,1740,0.005984715186059475,0,0.0,0.0,0.005984715186059475,0.0
3115,1741,0.006808933336287737,0,0.0,0.0,0.006808933336287737,0.0
3115,1742,0.00725604547187686,0,0.0,0.0,0.00725604547187686,0.0
3115,1743,0.0076630027033388615,0,0.0,0.0,0.0076630027033388615,0.0
3115,1744,0.0054974667727947235,0,0.0,0.0,0.0054974667727947235,0.0
3115,1745,0.005541068501770496,0,0.0,0.0,0.005541068501770496,0.0
3115,1746,0.0127924345433712,0,0.0,0.0,0.0127924345433712,0.0
3115,1747,0.013066824525594711,0,0.0,0.0,0.013066824525594711,0.0
3115,1748,0.015863191336393356,0,0.0,0.0,0.015863191336393356,0.0
3115,1749,0.01756472699344158,0,0.0,0.0,0.01756472699344158,0.0
3115,1750,0.01927967369556427,0,0.0,0.0,0.01927967369556427,0.0
3115,1751,0.01849461905658245,0,0.0,0.0,0.01849461905658245,0.0
3115,1752,0.024051908403635025,0,0.0,0.0,0.024051908403635025,0.0
3115,1753,0.033537786453962326,0,0.0,0.0,0.033537786453962326,0.0
3115,1754,0.05159679800271988,0,0.0,0.0,0.05159679800271988,0.0
3115,1755,0.10404989868402481,0,0.0,0.0,0.10404989868402481,0.0
3115,1756,0.11833314597606659,0,0.0,0.0,0.11833314597606659,0.0
3115,1757,0.09767305850982666,0,0.0,0.0,0.09767305850982666,0.0
3115,1758,0.16042745113372803,0,0.0,0.0,0.16042745113372803,0.0
3115,1759,0.13814692199230194,0,0.2546440075000701,0.0,0.10296863615238261,0.0
3115,1760,0.28820595145225525,0,0.5285954792089683,0.0,0.13586158843347373,0.0
3115,1761,0.4061991274356842,0,0.6666666666666667,0.0,0.13539970914522803,0.0
3115,1762,0.471871942281723,1,1.0,0.48350411653518677,0.0,0.5164958834648132
3115,1763,0.33040332794189453,0,0.6666666666666667,0.0,0.11013444264729816,0.0
3115,1764,0.2519107460975647,0,0.5285954792089683,0.0,0.11875186454623374,0.0
3115,1765,0.18283092975616455,0,0.2546440075000701,0.0,0.136274129108091,0.0
3115,1766,0.126024529337883,0,0.0,0.0,0.126024529337883,0.0
3115,1767,0.2149069607257843,0,0.0,0.0,0.2149069607257843,0.0
3115,1768,0.21672792732715607,0,0.0,0.0,0.21672792732715607,0.0
3115,1769,0.12545907497406006,0,0.0,0.0,0.12545907497406006,0.0
3115,1770,0.10929588228464127,0,0.0,0.0,0.10929588228464127,0.0
3115,1771,0.1267596036195755,0,0.0,0.0,0.1267596036195755,0.0
3115,1772,0.1139831617474556,0,0.0,0.0,0.1139831617474556,0.0
3115,1773,0.14753594994544983,0,0.0,0.0,0.14753594994544983,0.0
3115,1774,0.15250413119792938,0,0.0,0.0,0.15250413119792938,0.0
3115,1775,0.11290456354618073,0,0.0,0.0,0.11290456354618073,0.0
3115,1776,0.05792909488081932,0,0.0,0.0,0.05792909488081932,0.0
3115,1777,0.07098942250013351,0,0.0,0.0,0.07098942250013351,0.0
3115,1778,0.06322594732046127,0,0.0,0.0,0.06322594732046127,0.0
3115,1779,0.06494473665952682,0,0.0,0.0,0.06494473665952682,0.0
3115,1780,0.07117107510566711,0,0.0,0.0,0.07117107510566711,0.0
3115,1781,0.07356294244527817,0,0.0,0.0,0.07356294244527817,0.0
3115,1782,0.06415683776140213,0,0.0,0.0,0.06415683776140213,0.0
3115,1783,0.05158262327313423,0,0.0,0.0,0.05158262327313423,0.0
3115,1784,0.037223462015390396,0,0.0,0.0,0.037223462015390396,0.0
3115,1785,0.02883215807378292,0,0.0,0.0,0.02883215807378292,0.0
3115,1786,0.026923226192593575,0,0.0,0.0,0.026923226192593575,0.0
3115,1787,0.02356084994971752,0,0.0,0.0,0.02356084994971752,0.0
3115,1788,0.027195092290639877,0,0.0,0.0,0.027195092290639877,0.0
3116,1728,0.010152287781238556,0,0.0,0.0,0.010152287781238556,0.0
3116,1729,0.008166837505996227,0,0.0,0.0,0.008166837505996227,0.0
3116,1730,0.008222234435379505,0,0.0,0.0,0.008222234435379505,0.0
3116,1731,0.007878204807639122,0,0.0,0.0,0.007878204807639122,0.0
3116,1732,0.006302306894212961,0,0.0,0.0,0.006302306894212961,0.0
3116,1733,0.004921611398458481,0,0.0,0.0,0.004921611398458481,0.0
3116,1734,0.005031492095440626,0,0.0,0.0,0.005031492095440626,0.0
3116,1735,0.007656237576156855,0,0.0,0.0,0.007656237576156855,0.0
3116,1736,0.005758020095527172,0,0.0,0.0,0.005758020095527172,0.0
3116,1737,0.007457419764250517,0,0.0,0.0,0.007457419764250517,0.0
3116,1738,0.009513616561889648,0,0.0,0.0,0.009513616561889648,0.0
3116,1739,0.010699991136789322,0,0.0,0.0,0.010699991136789322,0.0
3116,1740,0.008598164655268192,0,0.0,0.0,0.008598164655268192,0.0
3116,1741,0.00738500664010644,0,0.0,0.0,0.00738500664010644,0.0
3116,1742,0.0050469874404370785,0,0.0,0.0,0.0050469874404370785,0.0
3116,1743,0.0046204752288758755,0,0.0,0.0,0.0046204752288758755,0.0
3116,1744,0.004092789255082607,0,0.0,0.0,0.004092789255082607,0.0
3116,1745,0.005486815236508846,0,0.0,0.0,0.005486815236508846,0.0
3116,1746,0.007488239090889692,0,0.0,0.0,0.007488239090889692,0.0
3116,1747,0.010124742984771729,0,0.0,0.0,0.010124742984771729,0.0
3116,1748,0.0103642912581563,0,0.0,0.0,0.0103642912581563,0.0
3116,1749,0.0148176159709692,0,0.0,0.0,0.0148176159709692,0.0
3116,1750,0.023908156901597977,0,0.0,0.0,0.023908156901597977,0.0
3116,1751,0.017988866195082664,0,0.0,0.0,0.017988866195082664,0.0
3116,1752,0.02267599105834961,0,0.0,0.0,0.02267599105834961,0.0
3116,1753,0.027304189279675484,0,0.0,0.0,0.027304189279675484,0.0
3116,1754,0.060750868171453476,0,0.0,0.0,0.060750868171453476,0.0
3116,1755,0.11011019349098206,0,0.0,0.0,0.11011019349098206,0.0
3116,1756,0.12561193108558655,0,0.0,0.0,0.12561193108558655,0.0
3116,1757,0.13678359985351562,0,0.0,0.0,0.13678359985351562,0.0
3116,1758,0.149034321308136,0,0.0,0.0,0.149034321308136,0.0
3116,1759,0.16390001773834229,0,0.33333333333333337,0.0,0.10926667849222818,0.0
3116,1760,0.30632999539375305,0,0.6666666666666667,0.0,0.10210999846458432,0.0
3116,1761,0.48350411653518677,1,1.0,0.5468382239341736,0.0,0.4531617760658264
3116,1762,0.16680213809013367,0,0.6666666666666667,0.0,0.05560071269671121,0.0
3116,1763,0.26010677218437195,0,0.5285954792089683,0.0,0.12261550829607591,0.0
3116,1764,0.20793329179286957,0,0.2546440075000701,0.0,0.15498432507805182,0.0
3116,1765,0.165947824716568,0,0.057190958417936644,0.0,0.15645710957365572,0.0
3116,1766,0.1356774866580963,0,0.0,0.0,0.1356774866580963,0.0
3116,1767,0.21879076957702637,0,0.0,0.0,0.21879076957702637,0.0
3116,1768,0.12066265940666199,0,0.0,0.0,0.12066265940666199,0.0
3116,1769,0.14270293712615967,0,0.0,0.0,0.14270293712615967,0.0
3116,1770,0.16924700140953064,0,0.0,0.0,0.16924700140953064,0.0
3116,1771,0.1144910529255867,0,0.0,0.0,0.1144910529255867,0.0
3116,1772,0.09214505553245544,0,0.0,0.0,0.09214505553245544,0.0
3116,1773,0.10201822966337204,0,0.0,0.0,0.10201822966337204,0.0
3116,1774,0.13106048107147217,0,0.0,0.0,0.13106048107147217,0.0
3116,1775,0.10382438451051712,0,0.0,0.0,0.10382438451051712,0.0
3116,1776,0.06438825279474258,0,0.0,0.0,0.06438825279474258,0.0
3116,1777,0.04479824751615524,0,0.0,0.0,0.04479824751615524,0.0
3116,1778,0.06248641014099121,0,0.0,0.0,0.06248641014099121,0.0
3116,1779,0.06934560835361481,0,0.0,0.0,0.06934560835361481,0.0
3116,1780,0.057289667427539825,0,0.0,0.0,0.057289667427539825,0.0
3116,1781,0.04615960642695427,0,0.0,0.0,0.04615960642695427,0.0
3116,1782,0.048761170357465744,0,0.0,0.0,0.048761170357465744,0.0
3116,1783,0.03915717452764511,0,0.0,0.0,0.03915717452764511,0.0
3116,1784,0.035081896930933,0,0.0,0.0,0.035081896930933,0.0
3116,1785,0.03412705659866333,0,0.0,0.0,0.03412705659866333,0.0
3116,1786,0.03497433289885521,0,0.0,0.0,0.03497433289885521,0.0
3116,1787,0.03522009402513504,0,0.0,0.0,0.03522009402513504,0.0
3116,1788,0.03148537874221802,0,0.0,0.0,0.03148537874221802,0.0
3117,1728,0.00907452218234539,0,0.0,0.0,0.00907452218234539,0.0
3117,1729,0.008462431840598583,0,0.0,0.0,0.008462431840598583,0.0
3117,1730,0.008941925130784512,0,0.0,0.0,0.008941925130784512,0.0
3117,1731,0.008541627787053585,0,0.0,0.0,0.008541627787053585,0.0
3117,1732,0.006526404060423374,0,0.0,0.0,0.006526404060423374,0.0
3117,1733,0.00495170010253787,0,0.0,0.0,0.00495170010253787,0.0
3117,1734,0.004081422928720713,0,0.0,0.0,0.004081422928720713,0.0
3117,1735,0.003822948317974806,0,0.0,0.0,0.003822948317974806,0.0
3117,1736,0.008958959020674229,0,0.0,0.0,0.008958959020674229,0.0
3117,1737,0.011532118543982506,0,0.0,0.0,0.011532118543982506,0.0
3117,1738,0.009839899837970734,0,0.0,0.0,0.009839899837970734,0.0
3117,1739,0.00793660432100296,0,0.0,0.0,0.00793660432100296,0.0
3117,1740,0.008494478650391102,0,0.0,0.0,0.008494478650391102,0.0
3117,1741,0.007781356107443571,0,0.0,0.0,0.007781356107443571,0.0
3117,1742,0.006429020781069994,0,0.0,0.0,0.006429020781069994,0.0
3117,1743,0.005006344523280859,0,0.0,0.0,0.005006344523280859,0.0
3117,1744,0.004072587471455336,0,0.0,0.0,0.004072587471455336,0.0
3117,1745,0.0037221573293209076,0,0.0,0.0,0.0037221573293209076,0.0
3117,1746,0.004894956946372986,0,0.0,0.0,0.004894956946372986,0.0
3117,1747,0.004868679214268923,0,0.0,0.0,0.004868679214268923,0.0
3117,1748,0.007180049084126949,0,0.0,0.0,0.007180049084126949,0.0
3117,1749,0.011016319505870342,0,0.0,0.0,0.011016319505870342,0.0
3117,1750,0.010474691167473793,0,0.0,0.0,0.010474691167473793,0.0
3117,1751,0.009977025911211967,0,0.0,0.0,0.009977025911211967,0.0
3117,1752,0.02491729147732258,0,0.0,0.0,0.02491729147732258,0.0
3117,1753,0.03232656419277191,0,0.0,0.0,0.03232656419277191,0.0
3117,1754,0.06515732407569885,0,0.0,0.0,0.06515732407569885,0.0
3117,1755,0.07719185203313828,0,0.0,0.0,0.07719185203313828,0.0
3117,1756,0.11179246753454208,0,0.0,0.0,0.11179246753454208,0.0
3117,1757,0.18833017349243164,0,0.0,0.0,0.18833017349243164,0.0
3117,1758,0.17507147789001465,0,0.0,0.0,0.17507147789001465,0.0
3117,1759,0.14543570578098297,0,0.33333333333333337,0.0,0.09695713718732198,0.0
3117,1760,0.4213957190513611,0,0.6666666666666667,0.0,0.140465239683787,0.0
3117,1761,0.4544023871421814,1,1.0,0.5657699108123779,0.0,0.43423008918762207
3117,1762,0.39955806732177734,0,0.6666666666666667,0.0,0.1331860224405924,0.0
3117,1763,0.37284743785858154,0,0.33333333333333337,0.0,0.2485649585723877,0.0
3117,1764,0.2527346909046173,0,0.057190958417936644,0.0,0.23828055170632126,0.0
3117,1765,0.17161552608013153,0,0.0,0.0,0.17161552608013153,0.0
3117,1766,0.14095757901668549,0,0.0,0.0,0.14095757901668549,0.0
3117,1767,0.14048172533512115,0,0.0,0.0,0.14048172533512115,0.0
3117,1768,0.12260037660598755,0,0.0,0.0,0.12260037660598755,0.0
3117,1769,0.1355937272310257,0,0.0,0.0,0.1355937272310257,0.0
3117,1770,0.1500960886478424,0,0.0,0.0,0.1500960886478424,0.0
3117,1771,0.13763369619846344,0,0.0,0.0,0.13763369619846344,0.0
3117,1772,0.2722035050392151,0,0.0,0.0,0.2722035050392151,0.0
3117,1773,0.17473353445529938,0,0.0,0.0,0.17473353445529938,0.0
3117,1774,0.16414543986320496,0,0.0,0.0,0.16414543986320496,0.0
3117,1775,0.13291236758232117,0,0.0,0.0,0.13291236758232117,0.0
3117,1776,0.15292975306510925,0,0.0,0.0,0.15292975306510925,0.0
3117,1777,0.09924552589654922,0,0.0,0.0,0.09924552589654922,0.0
3117,1778,0.08037503063678741,0,0.0,0.0,0.08037503063678741,0.0
3117,1779,0.05627235025167465,0,0.0,0.0,0.05627235025167465,0.0
3117,1780,0.05857545882463455,0,0.0,0.0,0.05857545882463455,0.0
3117,1781,0.034274280071258545,0,0.0,0.0,0.034274280071258545,0.0
3117,1782,0.023108620196580887,0,0.0,0.0,0.023108620196580887,0.0
3117,1783,0.02873757854104042,0,0.0,0.0,0.02873757854104042,0.0
3117,1784,0.025240421295166016,0,0.0,0.0,0.025240421295166016,0.0
3117,1785,0.028570543974637985,0,0.0,0.0,0.028570543974637985,0.0
3117,1786,0.032197967171669006,0,0.0,0.0,0.032197967171669006,0.0
3117,1787,0.04484345018863678,0,0.0,0.0,0.04484345018863678,0.0
3117,1788,0.02998385764658451,0,0.0,0.0,0.02998385764658451,0.0
3118,1728,0.009021244011819363,0,0.0,0.0,0.009021244011819363,0.0
3118,1729,0.007632937282323837,0,0.0,0.0,0.007632937282323837,0.0
3118,1730,0.00910250935703516,0,0.0,0.0,0.00910250935703516,0.0
3118,1731,0.007619814947247505,0,0.0,0.0,0.007619814947247505,0.0
3118,1732,0.005957924760878086,0,0.0,0.0,0.005957924760878086,0.0
3118,1733,0.0047966428101062775,0,0.0,0.0,0.0047966428101062775,0.0
3118,1734,0.004818842280656099,0,0.0,0.0,0.004818842280656099,0.0
3118,1735,0.004873782396316528,0,0.0,0.0,0.004873782396316528,0.0
3118,1736,0.0052257985807955265,0,0.0,0.0,0.0052257985807955265,0.0
3118,1737,0.006910472176969051,0,0.0,0.0,0.006910472176969051,0.0
3118,1738,0.009054758585989475,0,0.0,0.0,0.009054758585989475,0.0
3118,1739,0.010606708005070686,0,0.0,0.0,0.010606708005070686,0.0
3118,1740,0.008534526452422142,0,0.0,0.0,0.008534526452422142,0.0
3118,1741,0.005194277036935091,0,0.0,0.0,0.005194277036935091,0.0
3118,1742,0.006389699410647154,0,0.0,0.0,0.006389699410647154,0.0
3118,1743,0.007957837544381618,0,0.0,0.0,0.007957837544381618,0.0
3118,1744,0.006747015751898289,0,0.0,0.0,0.006747015751898289,0.0
3118,1745,0.005597549024969339,0,0.0,0.0,0.005597549024969339,0.0
3118,1746,0.0039522829465568066,0,0.0,0.0,0.0039522829465568066,0.0
3118,1747,0.0045005823485553265,0,0.0,0.0,0.0045005823485553265,0.0
3118,1748,0.005059178918600082,0,0.0,0.0,0.005059178918600082,0.0
3118,1749,0.009884392842650414,0,0.0,0.0,0.009884392842650414,0.0
3118,1750,0.009705585427582264,0,0.0,0.0,0.009705585427582264,0.0
3118,1751,0.011000708676874638,0,0.0,0.0,0.011000708676874638,0.0
3118,1752,0.013698616065084934,0,0.0,0.0,0.013698616065084934,0.0
3118,1753,0.02435629442334175,0,0.0,0.0,0.02435629442334175,0.0
3118,1754,0.07993492484092712,0,0.0,0.0,0.07993492484092712,0.0
3118,1755,0.11491281539201736,0,0.0,0.0,0.11491281539201736,0.0
3118,1756,0.12988446652889252,0,0.0,0.0,0.12988446652889252,0.0
3118,1757,0.1828928142786026,0,0.0,0.0,0.1828928142786026,0.0
3118,1758,0.16238997876644135,0,0.0,0.0,0.16238997876644135,0.0
3118,1759,0.2649466395378113,0,0.33333333333333337,0.0,0.17663109302520752,0.0
3118,1760,0.5261810421943665,0,0.6666666666666667,0.0,0.17539368073145545,0.0
3118,1761,0.4018574357032776,1,1.0,0.5657699108123779,0.0,0.43423008918762207
3118,1762,0.4333069622516632,0,0.6666666666666667,0.0,0.1444356540838877,0.0
3118,1763,0.3555314242839813,0,0.33333333333333337,0.0,0.2370209495226542,0.0
3118,1764,0.316855251789093,0,0.0,0.0,0.316855251789093,0.0
3118,1765,0.15476587414741516,0,0.0,0.0,0.15476587414741516,0.0
3118,1766,0.17828235030174255,0,0.0,0.0,0.17828235030174255,0.0
3118,1767,0.1701425313949585,0,0.0,0.0,0.1701425313949585,0.0
3118,1768,0.13135366141796112,0,0.0,0.0,0.13135366141796112,0.0
3118,1769,0.16093356907367706,0,0.0,0.0,0.16093356907367706,0.0
3118,1770,0.21633587777614594,0,0.0,0.0,0.21633587777614594,0.0
3118,1771,0.24729542434215546,0,0.0,0.0,0.24729542434215546,0.0
3118,1772,0.34135785698890686,0,0.0,0.0,0.34135785698890686,0.0
3118,1773,0.11838680505752563,0,0.0,0.0,0.11838680505752563,0.0
3118,1774,0.0977078527212143,0,0.0,0.0,0.0977078527212143,0.0
3118,1775,0.06523154675960541,0,0.0,0.0,0.06523154675960541,0.0
3118,1776,0.08374220877885818,0,0.0,0.0,0.08374220877885818,0.0
3118,1777,0.055977962911129,0,0.0,0.0,0.055977962911129,0.0
3118,1778,0.04537862166762352,0,0.0,0.0,0.04537862166762352,0.0
3118,1779,0.05353422835469246,0,0.0,0.0,0.05353422835469246,0.0
3118,1780,0.04010472446680069,0,0.0,0.0,0.04010472446680069,0.0
3118,1781,0.03259129822254181,0,0.0,0.0,0.03259129822254181,0.0
3118,1782,0.026417749002575874,0,0.0,0.0,0.026417749002575874,0.0
3118,1783,0.0273220743983984,0,0.0,0.0,0.0273220743983984,0.0
3118,1784,0.02739046886563301,0,0.0,0.0,0.02739046886563301,0.0
3118,1785,0.03460843861103058,0,0.0,0.0,0.03460843861103058,0.0
3118,1786,0.033494457602500916,0,0.0,0.0,0.033494457602500916,0.0
3118,1787,0.04803920537233353,0,0.0,0.0,0.04803920537233353,0.0
3118,1788,0.03799799457192421,0,0.0,0.0,0.03799799457192421,0.0
3119,1728,0.008734721690416336,0,0.0,0.0,0.008734721690416336,0.0
3119,1729,0.007577971089631319,0,0.0,0.0,0.007577971089631319,0.0
3119,1730,0.009020932950079441,0,0.0,0.0,0.009020932950079441,0.0
3119,1731,0.0077789719216525555,0,0.0,0.0,0.0077789719216525555,0.0
3119,1732,0.0062401192262768745,0,0.0,0.0,0.0062401192262768745,0.0
3119,1733,0.004791771061718464,0,0.0,0.0,0.004791771061718464,0.0
3119,1734,0.0062337093986570835,0,0.0,0.0,0.0062337093986570835,0.0
3119,1735,0.004797654692083597,0,0.0,0.0,0.004797654692083597,0.0
3119,1736,0.004750940483063459,0,0.0,0.0,0.004750940483063459,0.0
3119,1737,0.006187951657921076,0,0.0,0.0,0.006187951657921076,0.0
3119,1738,0.006497440859675407,0,0.0,0.0,0.006497440859675407,0.0
3119,1739,0.007115700747817755,0,0.0,0.0,0.007115700747817755,0.0
3119,1740,0.010186756029725075,0,0.0,0.0,0.010186756029725075,0.0
3119,1741,0.009165306575596333,0,0.0,0.0,0.009165306575596333,0.0
3119,1742,0.007806792389601469,0,0.0,0.0,0.007806792389601469,0.0
3119,1743,0.00542684830725193,0,0.0,0.0,0.00542684830725193,0.0
3119,1744,0.007561806123703718,0,0.0,0.0,0.007561806123703718,0.0
3119,1745,0.007983077317476273,0,0.0,0.0,0.007983077317476273,0.0
3119,1746,0.00612399959936738,0,0.0,0.0,0.00612399959936738,0.0
3119,1747,0.0043969652615487576,0,0.0,0.0,0.0043969652615487576,0.0
3119,1748,0.004816229920834303,0,0.0,0.0,0.004816229920834303,0.0
3119,1749,0.007831595838069916,0,0.0,0.0,0.007831595838069916,0.0
3119,1750,0.010094149969518185,0,0.0,0.0,0.010094149969518185,0.0
3119,1751,0.01095279399305582,0,0.0,0.0,0.01095279399305582,0.0
3119,1752,0.01422867551445961,0,0.0,0.0,0.01422867551445961,0.0
3119,1753,0.03842505067586899,0,0.0,0.0,0.03842505067586899,0.0
3119,1754,0.08075487613677979,0,0.0,0.0,0.08075487613677979,0.0
3119,1755,0.12933054566383362,0,0.0,0.0,0.12933054566383362,0.0
3119,1756,0.1801229864358902,0,0.0,0.0,0.1801229864358902,0.0
3119,1757,0.2718721330165863,0,0.0,0.0,0.2718721330165863,0.0
3119,1758,0.2863195240497589,0,0.0,0.0,0.2863195240497589,0.0
3119,1759,0.17157664895057678,0,0.33333333333333337,0.0,0.11438443263371785,0.0
3119,1760,0.5063714385032654,0,0.6666666666666667,0.0,0.16879047950108841,0.0
3119,1761,0.5468382239341736,1,1.0,0.5657699108123779,0.0,0.43423008918762207
3119,1762,0.4731532037258148,0,0.6666666666666667,0.0,0.15771773457527158,0.0
3119,1763,0.30089107155799866,0,0.33333333333333337,0.0,0.20059404770533243,0.0
3119,1764,0.20390662550926208,0,0.0,0.0,0.20390662550926208,0.0
3119,1765,0.17497342824935913,0,0.0,0.0,0.17497342824935913,0.0
3119,1766,0.230719193816185,0,0.0,0.0,0.230719193816185,0.0
3119,1767,0.16925424337387085,0,0.0,0.0,0.16925424337387085,0.0
3119,1768,0.14107772707939148,0,0.0,0.0,0.14107772707939148,0.0
3119,1769,0.16003859043121338,0,0.0,0.0,0.16003859043121338,0.0
3119,1770,0.24094215035438538,0,0.0,0.0,0.24094215035438538,0.0
3119,1771,0.12589572370052338,0,0.0,0.0,0.12589572370052338,0.0
3119,1772,0.18363091349601746,0,0.0,0.0,0.18363091349601746,0.0
3119,1773,0.11560054868459702,0,0.0,0.0,0.11560054868459702,0.0
3119,1774,0.11496321856975555,0,0.0,0.0,0.11496321856975555,0.0
3119,1775,0.1080542802810669,0,0.0,0.0,0.1080542802810669,0.0
3119,1776,0.10740507394075394,0,0.0,0.0,0.10740507394075394,0.0
3119,1777,0.05065435171127319,0,0.0,0.0,0.05065435171127319,0.0
3119,1778,0.028874391689896584,0,0.0,0.0,0.028874391689896584,0.0
3119,1779,0.027341121807694435,0,0.0,0.0,0.027341121807694435,0.0
3119,1780,0.03427347168326378,0,0.0,0.0,0.03427347168326378,0.0
3119,1781,0.033094197511672974,0,0.0,0.0,0.033094197511672974,0.0
3119,1782,0.02978418953716755,0,0.0,0.0,0.02978418953716755,0.0
3119,1783,0.024126365780830383,0,0.0,0.0,0.024126365780830383,0.0
3119,1784,0.034138910472393036,0,0.0,0.0,0.034138910472393036,0.0
3119,1785,0.030611075460910797,0,0.0,0.0,0.030611075460910797,0.0
3119,1786,0.03922620043158531,0,0.0,0.0,0.03922620043158531,0.0
3119,1787,0.039021894335746765,0,0.0,0.0,0.039021894335746765,0.0
3119,1788,0.033806346356868744,0,0.0,0.0,0.033806346356868744,0.0
3120,1728,0.008381870575249195,0,0.0,0.0,0.008381870575249195,0.0
3120,1729,0.006268813740462065,0,0.0,0.0,0.006268813740462065,0.0
3120,1730,0.00933653861284256,0,0.0,0.0,0.00933653861284256,0.0
3120,1731,0.008307957090437412,0,0.0,0.0,0.008307957090437412,0.0
3120,1732,0.0051616402342915535,0,0.0,0.0,0.0051616402342915535,0.0
3120,1733,0.0036229118704795837,0,0.0,0.0,0.0036229118704795837,0.0
3120,1734,0.005144581198692322,0,0.0,0.0,0.005144581198692322,0.0
3120,1735,0.005666060838848352,0,0.0,0.0,0.005666060838848352,0.0
3120,1736,0.005688441917300224,0,0.0,0.0,0.005688441917300224,0.0
3120,1737,0.005999243352562189,0,0.0,0.0,0.005999243352562189,0.0
3120,1738,0.005129886791110039,0,0.0,0.0,0.005129886791110039,0.0
3120,1739,0.005282530095428228,0,0.0,0.0,0.005282530095428228,0.0
3120,1740,0.005862985737621784,0,0.0,0.0,0.005862985737621784,0.0
3120,1741,0.007613452151417732,0,0.0,0.0,0.007613452151417732,0.0
3120,1742,0.007627320010215044,0,0.0,0.0,0.007627320010215044,0.0
3120,1743,0.0088155847042799,0,0.0,0.0,0.0088155847042799,0.0
3120,1744,0.007242044899612665,0,0.0,0.0,0.007242044899612665,0.0
3120,1745,0.006607932969927788,0,0.0,0.0,0.006607932969927788,0.0
3120,1746,0.008406857028603554,0,0.0,0.0,0.008406857028603554,0.0
3120,1747,0.00746888667345047,0,0.0,0.0,0.00746888667345047,0.0
3120,1748,0.008646706119179726,0,0.0,0.0,0.008646706119179726,0.0
3120,1749,0.01022857055068016,0,0.0,0.0,0.01022857055068016,0.0
3120,1750,0.008398260921239853,0,0.0,0.0,0.008398260921239853,0.0
3120,1751,0.010961719788610935,0,0.0,0.0,0.010961719788610935,0.0
3120,1752,0.019112572073936462,0,0.0,0.0,0.019112572073936462,0.0
3120,1753,0.04130486398935318,0,0.0,0.0,0.04130486398935318,0.0
3120,1754,0.15484382212162018,0,0.0,0.0,0.15484382212162018,0.0
3120,1755,0.13463008403778076,0,0.0,0.0,0.13463008403778076,0.0
3120,1756,0.19026780128479004,0,0.0,0.0,0.19026780128479004,0.0
3120,1757,0.21404555439949036,0,0.0,0.0,0.21404555439949036,0.0
3120,1758,0.30199554562568665,0,0.0,0.0,0.30199554562568665,0.0
3120,1759,0.20901274681091309,0,0.33333333333333337,0.0,0.1393418312072754,0.0
3120,1760,0.5029111504554749,0,0.6666666666666667,0.0,0.16763705015182492,0.0
3120,1761,0.5657699108123779,1,1.0,0.5657699108123779,0.0,0.43423008918762207
3120,1762,0.4853276312351227,0,0.6666666666666667,0.0,0.16177587707837418,0.0
3120,1763,0.3291783034801483,0,0.33333333333333337,0.0,0.21945220232009888,0.0
3120,1764,0.3464013636112213,0,0.0,0.0,0.3464013636112213,0.0
3120,1765,0.25028684735298157,0,0.0,0.0,0.25028684735298157,0.0
3120,1766,0.2226780354976654,0,0.0,0.0,0.2226780354976654,0.0
3120,1767,0.1496371477842331,0,0.0,0.0,0.1496371477842331,0.0
3120,1768,0.13808317482471466,0,0.0,0.0,0.13808317482471466,0.0
3120,1769,0.12229951471090317,0,0.0,0.0,0.12229951471090317,0.0
3120,1770,0.24132651090621948,0,0.0,0.0,0.24132651090621948,0.0
3120,1771,0.19118139147758484,0,0.0,0.0,0.19118139147758484,0.0
3120,1772,0.19400282204151154,0,0.0,0.0,0.19400282204151154,0.0
3120,1773,0.19737036526203156,0,0.0,0.0,0.19737036526203156,0.0
3120,1774,0.08139991760253906,0,0.0,0.0,0.08139991760253906,0.0
3120,1775,0.12283480912446976,0,0.0,0.0,0.12283480912446976,0.0
3120,1776,0.04131751134991646,0,0.0,0.0,0.04131751134991646,0.0
3120,1777,0.04434279352426529,0,0.0,0.0,0.04434279352426529,0.0
3120,1778,0.029907776042819023,0,0.0,0.0,0.029907776042819023,0.0
3120,1779,0.03796534612774849,0,0.0,0.0,0.03796534612774849,0.0
3120,1780,0.04463518410921097,0,0.0,0.0,0.04463518410921097,0.0
3120,1781,0.03837479278445244,0,0.0,0.0,0.03837479278445244,0.0
3120,1782,0.030370157212018967,0,0.0,0.0,0.030370157212018967,0.0
3120,1783,0.028531556949019432,0,0.0,0.0,0.028531556949019432,0.0
3120,1784,0.03515160083770752,0,0.0,0.0,0.03515160083770752,0.0
3120,1785,0.031179003417491913,0,0.0,0.0,0.031179003417491913,0.0
3120,1786,0.034502677619457245,0,0.0,0.0,0.034502677619457245,0.0
3120,1787,0.03993813693523407,0,0.0,0.0,0.03993813693523407,0.0
3120,1788,0.037543848156929016,0,0.0,0.0,0.037543848156929016,0.0
3121,1728,0.005899236537516117,0,0.0,0.0,0.005899236537516117,0.0
3121,1729,0.007351397071033716,0,0.0,0.0,0.007351397071033716,0.0
3121,1730,0.009009594097733498,0,0.0,0.0,0.009009594097733498,0.0
3121,1731,0.007177094463258982,0,0.0,0.0,0.007177094463258982,0.0
3121,1732,0.005553927272558212,0,0.0,0.0,0.005553927272558212,0.0
3121,1733,0.004541472997516394,0,0.0,0.0,0.004541472997516394,0.0
3121,1734,0.005117901135236025,0,0.0,0.0,0.005117901135236025,0.0
3121,1735,0.00481069553643465,0,0.0,0.0,0.00481069553643465,0.0
3121,1736,0.006042055785655975,0,0.0,0.0,0.006042055785655975,0.0
3121,1737,0.007736700586974621,0,0.0,0.0,0.007736700586974621,0.0
3121,1738,0.006130288355052471,0,0.0,0.0,0.006130288355052471,0.0
3121,1739,0.005679734516888857,0,0.0,0.0,0.005679734516888857,0.0
3121,1740,0.005746172275394201,0,0.0,0.0,0.005746172275394201,0.0
3121,1741,0.006121767684817314,0,0.0,0.0,0.006121767684817314,0.0
3121,1742,0.0065666562877595425,0,0.0,0.0,0.0065666562877595425,0.0
3121,1743,0.006791858002543449,0,0.0,0.0,0.006791858002543449,0.0
3121,1744,0.009013556875288486,0,0.0,0.0,0.009013556875288486,0.0
3121,1745,0.011018753983080387,0,0.0,0.0,0.011018753983080387,0.0
3121,1746,0.010154420509934425,0,0.0,0.0,0.010154420509934425,0.0
3121,1747,0.005328523926436901,0,0.0,0.0,0.005328523926436901,0.0
3121,1748,0.009856539778411388,0,0.0,0.0,0.009856539778411388,0.0
3121,1749,0.012138058431446552,0,0.0,0.0,0.012138058431446552,0.0
3121,1750,0.01021384634077549,0,0.0,0.0,0.01021384634077549,0.0
3121,1751,0.009806817397475243,0,0.0,0.0,0.009806817397475243,0.0
3121,1752,0.027656326070427895,0,0.0,0.0,0.027656326070427895,0.0
3121,1753,0.0455610454082489,0,0.0,0.0,0.0455610454082489,0.0
3121,1754,0.18234975636005402,0,0.0,0.0,0.18234975636005402,0.0
3121,1755,0.15723836421966553,0,0.0,0.0,0.15723836421966553,0.0
3121,1756,0.20020204782485962,0,0.0,0.0,0.20020204782485962,0.0
3121,1757,0.2566567361354828,0,0.0,0.0,0.2566567361354828,0.0
3121,1758,0.3331870138645172,0,0.0,0.0,0.3331870138645172,0.0
3121,1759,0.341188907623291,0,0.33333333333333337,0.0,0.22745927174886066,0.0
3121,1760,0.43595024943351746,0,0.6666666666666667,0.0,0.14531674981117246,0.0
3121,1761,0.5387865304946899,1,1.0,0.5657699108123779,0.0,0.43423008918762207
3121,1762,0.461075097322464,0,0.6666666666666667,0.0,0.15369169910748795,0.0
3121,1763,0.33194389939308167,0,0.33333333333333337,0.0,0.2212959329287211,0.0
3121,1764,0.3647095263004303,0,0.0,0.0,0.3647095263004303,0.0
3121,1765,0.27458545565605164,0,0.0,0.0,0.27458545565605164,0.0
3121,1766,0.21621733903884888,0,0.0,0.0,0.21621733903884888,0.0
3121,1767,0.200835183262825,0,0.0,0.0,0.200835183262825,0.0
3121,1768,0.13183313608169556,0,0.0,0.0,0.13183313608169556,0.0
3121,1769,0.14795608818531036,0,0.0,0.0,0.14795608818531036,0.0
3121,1770,0.11745217442512512,0,0.0,0.0,0.11745217442512512,0.0
3121,1771,0.19316627085208893,0,0.0,0.0,0.19316627085208893,0.0
3121,1772,0.2335580438375473,0,0.0,0.0,0.2335580438375473,0.0
3121,1773,0.19842468202114105,0,0.0,0.0,0.19842468202114105,0.0
3121,1774,0.06926490366458893,0,0.0,0.0,0.06926490366458893,0.0
3121,1775,0.11106909066438675,0,0.0,0.0,0.11106909066438675,0.0
3121,1776,0.07149388641119003,0,0.0,0.0,0.07149388641119003,0.0
3121,1777,0.07850075513124466,0,0.0,0.0,0.07850075513124466,0.0
3121,1778,0.04908121004700661,0,0.0,0.0,0.04908121004700661,0.0
3121,1779,0.04185854271054268,0,0.0,0.0,0.04185854271054268,0.0
3121,1780,0.03368707001209259,0,0.0,0.0,0.03368707001209259,0.0
3121,1781,0.04499421641230583,0,0.0,0.0,0.04499421641230583,0.0
3121,1782,0.03379165753722191,0,0.0,0.0,0.03379165753722191,0.0
3121,1783,0.027769699692726135,0,0.0,0.0,0.027769699692726135,0.0
3121,1784,0.027917373925447464,0,0.0,0.0,0.027917373925447464,0.0
3121,1785,0.028240250423550606,0,0.0,0.0,0.028240250423550606,0.0
3121,1786,0.035141896456480026,0,0.0,0.0,0.035141896456480026,0.0
3121,1787,0.0403163768351078,0,0.0,0.0,0.0403163768351078,0.0
3121,1788,0.040127236396074295,0,0.0,0.0,0.040127236396074295,0.0
3122,1728,0.006107720080763102,0,0.0,0.0,0.006107720080763102,0.0
3122,1729,0.007633370812982321,0,0.0,0.0,0.007633370812982321,0.0
3122,1730,0.009318871423602104,0,0.0,0.0,0.009318871423602104,0.0
3122,1731,0.007466869428753853,0,0.0,0.0,0.007466869428753853,0.0
3122,1732,0.005142734386026859,0,0.0,0.0,0.005142734386026859,0.0
3122,1733,0.004460347816348076,0,0.0,0.0,0.004460347816348076,0.0
3122,1734,0.004616633057594299,0,0.0,0.0,0.004616633057594299,0.0
3122,1735,0.004954186268150806,0,0.0,0.0,0.004954186268150806,0.0
3122,1736,0.0071953232400119305,0,0.0,0.0,0.0071953232400119305,0.0
3122,1737,0.005050124134868383,0,0.0,0.0,0.005050124134868383,0.0
3122,1738,0.009458509273827076,0,0.0,0.0,0.009458509273827076,0.0
3122,1739,0.007889990694820881,0,0.0,0.0,0.007889990694820881,0.0
3122,1740,0.006450485438108444,0,0.0,0.0,0.006450485438108444,0.0
3122,1741,0.004958607722073793,0,0.0,0.0,0.004958607722073793,0.0
3122,1742,0.005744956899434328,0,0.0,0.0,0.005744956899434328,0.0
3122,1743,0.006275264546275139,0,0.0,0.0,0.006275264546275139,0.0
3122,1744,0.007170004304498434,0,0.0,0.0,0.007170004304498434,0.0
3122,1745,0.008246156387031078,0,0.0,0.0,0.008246156387031078,0.0
3122,1746,0.010350504890084267,0,0.0,0.0,0.010350504890084267,0.0
3122,1747,0.009204698726534843,0,0.0,0.0,0.009204698726534843,0.0
3122,1748,0.008865232579410076,0,0.0,0.0,0.008865232579410076,0.0
3122,1749,0.009986133314669132,0,0.0,0.0,0.009986133314669132,0.0
3122,1750,0.012096745893359184,0,0.0,0.0,0.012096745893359184,0.0
3122,1751,0.013783857226371765,0,0.0,0.0,0.013783857226371765,0.0
3122,1752,0.03252020105719566,0,0.0,0.0,0.03252020105719566,0.0
3122,1753,0.05210629850625992,0,0.0,0.0,0.05210629850625992,0.0
3122,1754,0.22047081589698792,0,0.0,0.0,0.22047081589698792,0.0
3122,1755,0.18836036324501038,0,0.0,0.0,0.18836036324501038,0.0
3122,1756,0.23577880859375,0,0.0,0.0,0.23577880859375,0.0
3122,1757,0.2745834290981293,0,0.0,0.0,0.2745834290981293,0.0
3122,1758,0.2979288399219513,0,0.0,0.0,0.2979288399219513,0.0
3122,1759,0.3721509575843811,0,0.33333333333333337,0.0,0.2481006383895874,0.0
3122,1760,0.41107040643692017,0,0.6666666666666667,0.0,0.1370234688123067,0.0
3122,1761,0.4582141637802124,1,1.0,0.5657699108123779,0.0,0.43423008918762207
3122,1762,0.4282538890838623,0,0.6666666666666667,0.0,0.14275129636128742,0.0
3122,1763,0.24937047064304352,0,0.33333333333333337,0.0,0.16624698042869568,0.0
3122,1764,0.38590967655181885,0,0.0,0.0,0.38590967655181885,0.0
3122,1765,0.3211325705051422,0,0.0,0.0,0.3211325705051422,0.0
3122,1766,0.21555735170841217,0,0.0,0.0,0.21555735170841217,0.0
3122,1767,0.20257508754730225,0,0.0,0.0,0.20257508754730225,0.0
3122,1768,0.17922969162464142,0,0.0,0.0,0.17922969162464142,0.0
3122,1769,0.16649822890758514,0,0.0,0.0,0.16649822890758514,0.0
3122,1770,0.11516463756561279,0,0.0,0.0,0.11516463756561279,0.0
3122,1771,0.2856786847114563,0,0.0,0.0,0.2856786847114563,0.0
3122,1772,0.1734180450439453,0,0.0,0.0,0.1734180450439453,0.0
3122,1773,0.10755043476819992,0,0.0,0.0,0.10755043476819992,0.0
3122,1774,0.08521316200494766,0,0.0,0.0,0.08521316200494766,0.0
3122,1775,0.08038794994354248,0,0.0,0.0,0.08038794994354248,0.0
3122,1776,0.050717487931251526,0,0.0,0.0,0.050717487931251526,0.0
3122,1777,0.036515187472105026,0,0.0,0.0,0.036515187472105026,0.0
3122,1778,0.04306015744805336,0,0.0,0.0,0.04306015744805336,0.0
3122,1779,0.04455941915512085,0,0.0,0.0,0.04455941915512085,0.0
3122,1780,0.03755682334303856,0,0.0,0.0,0.03755682334303856,0.0
3122,1781,0.03619728609919548,0,0.0,0.0,0.03619728609919548,0.0
3122,1782,0.035719580948352814,0,0.0,0.0,0.035719580948352814,0.0
3122,1783,0.03567503020167351,0,0.0,0.0,0.03567503020167351,0.0
3122,1784,0.027838656678795815,0,0.0,0.0,0.027838656678795815,0.0
3122,1785,0.025295380502939224,0,0.0,0.0,0.025295380502939224,0.0
3122,1786,0.02668697014451027,0,0.0,0.0,0.02668697014451027,0.0
3122,1787,0.036341577768325806,0,0.0,0.0,0.036341577768325806,0.0
3122,1788,0.029551854357123375,0,0.0,0.0,0.029551854357123375,0.0
3123,1728,0.0061572641134262085,0,0.0,0.0,0.0061572641134262085,0.0
3123,1729,0.007636798080056906,0,0.0,0.0,0.007636798080056906,0.0
3123,1730,0.009686301462352276,0,0.0,0.0,0.009686301462352276,0.0
3123,1731,0.007803298067301512,0,0.0,0.0,0.007803298067301512,0.0
3123,1732,0.0047139814123511314,0,0.0,0.0,0.0047139814123511314,0.0
3123,1733,0.004464656114578247,0,0.0,0.0,0.004464656114578247,0.0
3123,1734,0.0049737123772501945,0,0.0,0.0,0.0049737123772501945,0.0
3123,1735,0.003767693880945444,0,0.0,0.0,0.003767693880945444,0.0
3123,1736,0.005922846961766481,0,0.0,0.0,0.005922846961766481,0.0
3123,1737,0.007295409683138132,0,0.0,0.0,0.007295409683138132,0.0
3123,1738,0.007803895976394415,0,0.0,0.0,0.007803895976394415,0.0
3123,1739,0.009018310345709324,0,0.0,0.0,0.009018310345709324,0.0
3123,1740,0.007148700300604105,0,0.0,0.0,0.007148700300604105,0.0
3123,1741,0.005985002964735031,0,0.0,0.0,0.005985002964735031,0.0
3123,1742,0.005236987955868244,0,0.0,0.0,0.005236987955868244,0.0
3123,1743,0.007191457785665989,0,0.0,0.0,0.007191457785665989,0.0
3123,1744,0.007417113985866308,0,0.0,0.0,0.007417113985866308,0.0
3123,1745,0.008532020263373852,0,0.0,0.0,0.008532020263373852,0.0
3123,1746,0.007798034232109785,0,0.0,0.0,0.007798034232109785,0.0
3123,1747,0.007212453056126833,0,0.0,0.0,0.007212453056126833,0.0
3123,1748,0.011446482501924038,0,0.0,0.0,0.011446482501924038,0.0
3123,1749,0.012975177727639675,0,0.0,0.0,0.012975177727639675,0.0
3123,1750,0.012348245829343796,0,0.0,0.0,0.012348245829343796,0.0
3123,1751,0.014809826388955116,0,0.0,0.0,0.014809826388955116,0.0
3123,1752,0.04399951919913292,0,0.0,0.0,0.04399951919913292,0.0
3123,1753,0.07680435478687286,0,0.0,0.0,0.07680435478687286,0.0
3123,1754,0.2743400037288666,0,0.0,0.0,0.2743400037288666,0.0
3123,1755,0.21451422572135925,0,0.057190958417936644,0.0,0.20224595155807312,0.0
3123,1756,0.16161218285560608,0,0.2546440075000701,0.0,0.12045860895242043,0.0
3123,1757,0.2962252199649811,0,0.33333333333333337,0.0,0.19748347997665405,0.0
3123,1758,0.23596298694610596,0,0.2546440075000701,0.0,0.17587642632846281,0.0
3123,1759,0.424030601978302,0,0.33333333333333337,0.0,0.28268706798553467,0.0
3123,1760,0.3719637095928192,0,0.6666666666666667,0.0,0.12398790319760637,0.0
3123,1761,0.36235448718070984,1,1.0,0.5657699108123779,0.0,0.43423008918762207
3123,1762,0.2587137818336487,0,0.6666666666666667,0.0,0.08623792727788288,0.0
3123,1763,0.42449963092803955,0,0.33333333333333337,0.0,0.28299975395202637,0.0
3123,1764,0.4359187185764313,0,0.0,0.0,0.4359187185764313,0.0
3123,1765,0.4271760880947113,0,0.0,0.0,0.4271760880947113,0.0
3123,1766,0.3106057345867157,0,0.0,0.0,0.3106057345867157,0.0
3123,1767,0.22323167324066162,0,0.0,0.0,0.22323167324066162,0.0
3123,1768,0.23154883086681366,0,0.0,0.0,0.23154883086681366,0.0
3123,1769,0.19637693464756012,0,0.0,0.0,0.19637693464756012,0.0
3123,1770,0.16353194415569305,0,0.0,0.0,0.16353194415569305,0.0
3123,1771,0.3404955267906189,0,0.0,0.0,0.3404955267906189,0.0
3123,1772,0.20429101586341858,0,0.0,0.0,0.20429101586341858,0.0
3123,1773,0.19415824115276337,0,0.0,0.0,0.19415824115276337,0.0
3123,1774,0.18937693536281586,0,0.0,0.0,0.18937693536281586,0.0
3123,1775,0.060138534754514694,0,0.0,0.0,0.060138534754514694,0.0
3123,1776,0.06539839506149292,0,0.0,0.0,0.06539839506149292,0.0
3123,1777,0.07012153416872025,0,0.0,0.0,0.07012153416872025,0.0
3123,1778,0.06304628401994705,0,0.0,0.0,0.06304628401994705,0.0
3123,1779,0.056492604315280914,0,0.0,0.0,0.056492604315280914,0.0
3123,1780,0.043797291815280914,0,0.0,0.0,0.043797291815280914,0.0
3123,1781,0.03938313573598862,0,0.0,0.0,0.03938313573598862,0.0
3123,1782,0.041971247643232346,0,0.0,0.0,0.041971247643232346,0.0
3123,1783,0.0433620847761631,0,0.0,0.0,0.0433620847761631,0.0
3123,1784,0.04186942055821419,0,0.0,0.0,0.04186942055821419,0.0
3123,1785,0.040936876088380814,0,0.0,0.0,0.040936876088380814,0.0
3123,1786,0.047309279441833496,0,0.0,0.0,0.047309279441833496,0.0
3123,1787,0.06029219925403595,0,0.0,0.0,0.06029219925403595,0.0
3123,1788,0.04796966537833214,0,0.0,0.0,0.04796966537833214,0.0
3124,1728,0.007390203420072794,0,0.0,0.0,0.007390203420072794,0.0
3124,1729,0.0065964218229055405,0,0.0,0.0,0.0065964218229055405,0.0
3124,1730,0.008059032261371613,0,0.0,0.0,0.008059032261371613,0.0
3124,1731,0.006297968327999115,0,0.0,0.0,0.006297968327999115,0.0
3124,1732,0.003958043642342091,0,0.0,0.0,0.003958043642342091,0.0
3124,1733,0.004375840537250042,0,0.0,0.0,0.004375840537250042,0.0
3124,1734,0.004935435485094786,0,0.0,0.0,0.004935435485094786,0.0
3124,1735,0.003854842856526375,0,0.0,0.0,0.003854842856526375,0.0
3124,1736,0.0055925315245985985,0,0.0,0.0,0.0055925315245985985,0.0
3124,1737,0.007480491418391466,0,0.0,0.0,0.007480491418391466,0.0
3124,1738,0.008693089708685875,0,0.0,0.0,0.008693089708685875,0.0
3124,1739,0.00632304884493351,0,0.0,0.0,0.00632304884493351,0.0
3124,1740,0.007302727084606886,0,0.0,0.0,0.007302727084606886,0.0
3124,1741,0.0083861593157053,0,0.0,0.0,0.0083861593157053,0.0
3124,1742,0.006636750418692827,0,0.0,0.0,0.006636750418692827,0.0
3124,1743,0.006581876892596483,0,0.0,0.0,0.006581876892596483,0.0
3124,1744,0.008784196339547634,0,0.0,0.0,0.008784196339547634,0.0
3124,1745,0.008559230715036392,0,0.0,0.0,0.008559230715036392,0.0
3124,1746,0.008392360992729664,0,0.0,0.0,0.008392360992729664,0.0
3124,1747,0.007115439977496862,0,0.0,0.0,0.007115439977496862,0.0
3124,1748,0.013729187659919262,0,0.0,0.0,0.013729187659919262,0.0
3124,1749,0.0146403219550848,0,0.0,0.0,0.0146403219550848,0.0
3124,1750,0.017527401447296143,0,0.0,0.0,0.017527401447296143,0.0
3124,1751,0.019175225868821144,0,0.0,0.0,0.019175225868821144,0.0
3124,1752,0.04496524855494499,0,0.0,0.0,0.04496524855494499,0.0
3124,1753,0.13528868556022644,0,0.0,0.0,0.13528868556022644,0.0
3124,1754,0.3036099672317505,0,0.0,0.0,0.3036099672317505,0.0
3124,1755,0.24978944659233093,0,0.2546440075000701,0.0,0.18618206088083505,0.0
3124,1756,0.21715112030506134,0,0.5285954792089683,0.0,0.10236601980664312,0.0
3124,1757,0.23941670358181,0,0.6666666666666667,0.0,0.07980556786060332,0.0
3124,1758,0.35725560784339905,0,0.5285954792089683,0.0,0.16841190861532626,0.0
3124,1759,0.380930632352829,0,0.33333333333333337,0.0,0.253953754901886,0.0
3124,1760,0.27734097838401794,0,0.6666666666666667,0.0,0.09244699279467262,0.0
3124,1761,0.3622097373008728,1,1.0,0.5712794661521912,0.0,0.42872053384780884
3124,1762,0.37320372462272644,0,0.6666666666666667,0.0,0.12440124154090879,0.0
3124,1763,0.3882358968257904,0,0.33333333333333337,0.0,0.2588239312171936,0.0
3124,1764,0.4313780963420868,0,0.0,0.0,0.4313780963420868,0.0
3124,1765,0.4094718396663666,0,0.0,0.0,0.4094718396663666,0.0
3124,1766,0.3530675768852234,0,0.0,0.0,0.3530675768852234,0.0
3124,1767,0.23349663615226746,0,0.0,0.0,0.23349663615226746,0.0
3124,1768,0.2007351666688919,0,0.0,0.0,0.2007351666688919,0.0
3124,1769,0.17603591084480286,0,0.0,0.0,0.17603591084480286,0.0
3124,1770,0.2143273502588272,0,0.0,0.0,0.2143273502588272,0.0
3124,1771,0.3430599570274353,0,0.0,0.0,0.3430599570274353,0.0
3124,1772,0.2055320143699646,0,0.0,0.0,0.2055320143699646,0.0
3124,1773,0.1949770301580429,0,0.0,0.0,0.1949770301580429,0.0
3124,1774,0.1342390775680542,0,0.0,0.0,0.1342390775680542,0.0
3124,1775,0.10474750399589539,0,0.0,0.0,0.10474750399589539,0.0
3124,1776,0.10515766590833664,0,0.0,0.0,0.10515766590833664,0.0
3124,1777,0.10109127312898636,0,0.0,0.0,0.10109127312898636,0.0
3124,1778,0.08101735264062881,0,0.0,0.0,0.08101735264062881,0.0
3124,1779,0.057179540395736694,0,0.0,0.0,0.057179540395736694,0.0
3124,1780,0.047813694924116135,0,0.0,0.0,0.047813694924116135,0.0
3124,1781,0.04576045274734497,0,0.0,0.0,0.04576045274734497,0.0
3124,1782,0.03866428881883621,0,0.0,0.0,0.03866428881883621,0.0
3124,1783,0.04785963520407677,0,0.0,0.0,0.04785963520407677,0.0
3124,1784,0.04893313720822334,0,0.0,0.0,0.04893313720822334,0.0
3124,1785,0.04146404191851616,0,0.0,0.0,0.04146404191851616,0.0
3124,1786,0.041633836925029755,0,0.0,0.0,0.041633836925029755,0.0
3124,1787,0.05947323888540268,0,0.0,0.0,0.05947323888540268,0.0
3124,1788,0.06012853607535362,0,0.0,0.0,0.06012853607535362,0.0
3125,1728,0.006995567586272955,0,0.0,0.0,0.006995567586272955,0.0
3125,1729,0.006545084062963724,0,0.0,0.0,0.006545084062963724,0.0
3125,1730,0.008362329564988613,0,0.0,0.0,0.008362329564988613,0.0
3125,1731,0.0061325677670538425,0,0.0,0.0,0.0061325677670538425,0.0
3125,1732,0.0042724586091935635,0,0.0,0.0,0.0042724586091935635,0.0
3125,1733,0.0041895159520208836,0,0.0,0.0,0.0041895159520208836,0.0
3125,1734,0.004689964931458235,0,0.0,0.0,0.004689964931458235,0.0
3125,1735,0.00273396959528327,0,0.0,0.0,0.00273396959528327,0.0
3125,1736,0.005283300764858723,0,0.0,0.0,0.005283300764858723,0.0
3125,1737,0.007256385870277882,0,0.0,0.0,0.007256385870277882,0.0
3125,1738,0.008505775593221188,0,0.0,0.0,0.008505775593221188,0.0
3125,1739,0.008299957029521465,0,0.0,0.0,0.008299957029521465,0.0
3125,1740,0.006211260799318552,0,0.0,0.0,0.006211260799318552,0.0
3125,1741,0.007332659792155027,0,0.0,0.0,0.007332659792155027,0.0
3125,1742,0.009021424688398838,0,0.0,0.0,0.009021424688398838,0.0
3125,1743,0.0054776850156486034,0,0.0,0.0,0.0054776850156486034,0.0
3125,1744,0.007301105186343193,0,0.0,0.0,0.007301105186343193,0.0
3125,1745,0.009285224601626396,0,0.0,0.0,0.009285224601626396,0.0
3125,1746,0.009556620381772518,0,0.0,0.0,0.009556620381772518,0.0
3125,1747,0.008769928477704525,0,0.0,0.0,0.008769928477704525,0.0
3125,1748,0.013213464990258217,0,0.0,0.0,0.013213464990258217,0.0
3125,1749,0.013350286521017551,0,0.0,0.0,0.013350286521017551,0.0
3125,1750,0.01851198822259903,0,0.0,0.0,0.01851198822259903,0.0
3125,1751,0.028564969077706337,0,0.0,0.0,0.028564969077706337,0.0
3125,1752,0.050033941864967346,0,0.0,0.0,0.050033941864967346,0.0
3125,1753,0.148132786154747,0,0.0,0.0,0.148132786154747,0.0
3125,1754,0.3676941394805908,0,0.0,0.0,0.3676941394805908,0.0
3125,1755,0.28001710772514343,0,0.33333333333333337,0.0,0.18667807181676227,0.0
3125,1756,0.2575201988220215,0,0.6666666666666667,0.0,0.08584006627400714,0.0
3125,1757,0.3042396008968353,1,1.0,0.6225318312644958,0.0,0.37746816873550415
3125,1758,0.3416122794151306,0,0.6666666666666667,0.0,0.11387075980504352,0.0
3125,1759,0.3296908438205719,0,0.5285954792089683,0.0,0.15541775424042756,0.0
3125,1760,0.3049599528312683,0,0.6666666666666667,0.0,0.10165331761042275,0.0
3125,1761,0.3946112394332886,1,1.0,0.6225318312644958,0.0,0.37746816873550415
3125,1762,0.3077617585659027,0,0.6666666666666667,0.0,0.10258725285530088,0.0
3125,1763,0.40990495681762695,0,0.33333333333333337,0.0,0.2732699712117513,0.0
3125,1764,0.43195196986198425,0,0.33333333333333337,0.0,0.2879679799079895,0.0
3125,1765,0.4214400351047516,0,0.2546440075000701,0.0,0.31412285564470743,0.0
3125,1766,0.336859792470932,0,0.057190958417936644,0.0,0.31759445808705217,0.0
3125,1767,0.27948516607284546,0,0.0,0.0,0.27948516607284546,0.0
3125,1768,0.2476866990327835,0,0.0,0.0,0.2476866990327835,0.0
3125,1769,0.21293406188488007,0,0.0,0.0,0.21293406188488007,0.0
3125,1770,0.1749410331249237,0,0.0,0.0,0.1749410331249237,0.0
3125,1771,0.3156857490539551,0,0.0,0.0,0.3156857490539551,0.0
3125,1772,0.21045321226119995,0,0.0,0.0,0.21045321226119995,0.0
3125,1773,0.19396229088306427,0,0.0,0.0,0.19396229088306427,0.0
3125,1774,0.1544802188873291,0,0.0,0.0,0.1544802188873291,0.0
3125,1775,0.17200921475887299,0,0.0,0.0,0.17200921475887299,0.0
3125,1776,0.15881624817848206,0,0.0,0.0,0.15881624817848206,0.0
3125,1777,0.07012750953435898,0,0.0,0.0,0.07012750953435898,0.0
3125,1778,0.07490416616201401,0,0.0,0.0,0.07490416616201401,0.0
3125,1779,0.08199331164360046,0,0.0,0.0,0.08199331164360046,0.0
3125,1780,0.05974921956658363,0,0.0,0.0,0.05974921956658363,0.0
3125,1781,0.0598762221634388,0,0.0,0.0,0.0598762221634388,0.0
3125,1782,0.0697760283946991,0,0.0,0.0,0.0697760283946991,0.0
3125,1783,0.06123670935630798,0,0.0,0.0,0.06123670935630798,0.0
3125,1784,0.04672050103545189,0,0.0,0.0,0.04672050103545189,0.0
3125,1785,0.056862641125917435,0,0.0,0.0,0.056862641125917435,0.0
3125,1786,0.044490087777376175,0,0.0,0.0,0.044490087777376175,0.0
3125,1787,0.05758686363697052,0,0.0,0.0,0.05758686363697052,0.0
3125,1788,0.0770740658044815,0,0.0,0.0,0.0770740658044815,0.0
3126,1728,0.006721321493387222,0,0.0,0.0,0.006721321493387222,0.0
3126,1729,0.006050356663763523,0,0.0,0.0,0.006050356663763523,0.0
3126,1730,0.009107294492423534,0,0.0,0.0,0.009107294492423534,0.0
3126,1731,0.006389097310602665,0,0.0,0.0,0.006389097310602665,0.0
3126,1732,0.004201652482151985,0,0.0,0.0,0.004201652482151985,0.0
3126,1733,0.004549265373498201,0,0.0,0.0,0.004549265373498201,0.0
3126,1734,0.003639517817646265,0,0.0,0.0,0.003639517817646265,0.0
3126,1735,0.0035718067083507776,0,0.0,0.0,0.0035718067083507776,0.0
3126,1736,0.00531855970621109,0,0.0,0.0,0.00531855970621109,0.0
3126,1737,0.005552307236939669,0,0.0,0.0,0.005552307236939669,0.0
3126,1738,0.007336876820772886,0,0.0,0.0,0.007336876820772886,0.0
3126,1739,0.006398341618478298,0,0.0,0.0,0.006398341618478298,0.0
3126,1740,0.007278989069163799,0,0.0,0.0,0.007278989069163799,0.0
3126,1741,0.006123049184679985,0,0.0,0.0,0.006123049184679985,0.0
3126,1742,0.0076771387830376625,0,0.0,0.0,0.0076771387830376625,0.0
3126,1743,0.007714990526437759,0,0.0,0.0,0.007714990526437759,0.0
3126,1744,0.005902618169784546,0,0.0,0.0,0.005902618169784546,0.0
3126,1745,0.010980360209941864,0,0.0,0.0,0.010980360209941864,0.0
3126,1746,0.00978234875947237,0,0.0,0.0,0.00978234875947237,0.0
3126,1747,0.00885566882789135,0,0.0,0.0,0.00885566882789135,0.0
3126,1748,0.011503352783620358,0,0.0,0.0,0.011503352783620358,0.0
3126,1749,0.01245887577533722,0,0.0,0.0,0.01245887577533722,0.0
3126,1750,0.01699291169643402,0,0.0,0.0,0.01699291169643402,0.0
3126,1751,0.025382809340953827,0,0.0,0.0,0.025382809340953827,0.0
3126,1752,0.04825080931186676,0,0.0,0.0,0.04825080931186676,0.0
3126,1753,0.14700327813625336,0,0.0,0.0,0.14700327813625336,0.0
3126,1754,0.38091814517974854,0,0.0,0.0,0.38091814517974854,0.0
3126,1755,0.41473180055618286,0,0.33333333333333337,0.0,0.2764878670374552,0.0
3126,1756,0.2578529119491577,0,0.6666666666666667,0.0,0.08595097064971922,0.0
3126,1757,0.4348442554473877,1,1.0,0.6392868757247925,0.0,0.3607131242752075
3126,1758,0.4959854185581207,0,0.6666666666666667,0.0,0.16532847285270688,0.0
3126,1759,0.48197636008262634,0,0.6666666666666667,0.0,0.16065878669420874,0.0
3126,1760,0.39486515522003174,1,1.0,0.6392868757247925,0.0,0.3607131242752075
3126,1761,0.4810809791088104,1,1.0,0.6392868757247925,0.0,0.3607131242752075
3126,1762,0.4956049919128418,0,0.6666666666666667,0.0,0.16520166397094724,0.0
3126,1763,0.46515271067619324,0,0.5285954792089683,0.0,0.21927509067096027,0.0
3126,1764,0.5118150115013123,0,0.6666666666666667,0.0,0.17060500383377072,0.0
3126,1765,0.4777944087982178,0,0.5285954792089683,0.0,0.22523444431615813,0.0
3126,1766,0.46185049414634705,0,0.2546440075000701,0.0,0.3442430334510336,0.0
3126,1767,0.34640946984291077,0,0.057190958417936644,0.0,0.3265979802575454,0.0
3126,1768,0.3259959816932678,0,0.2546440075000701,0.0,0.24298305848597462,0.0
3126,1769,0.3177303969860077,0,0.33333333333333337,0.0,0.21182026465733844,0.0
3126,1770,0.4185265302658081,0,0.2546440075000701,0.0,0.31195125735382334,0.0
3126,1771,0.36491501331329346,0,0.057190958417936644,0.0,0.3440451739608121,0.0
3126,1772,0.3203527629375458,0,0.0,0.0,0.3203527629375458,0.0
3126,1773,0.3890703022480011,0,0.0,0.0,0.3890703022480011,0.0
3126,1774,0.35423246026039124,0,0.0,0.0,0.35423246026039124,0.0
3126,1775,0.1991214156150818,0,0.0,0.0,0.1991214156150818,0.0
3126,1776,0.14156043529510498,0,0.0,0.0,0.14156043529510498,0.0
3126,1777,0.10636880248785019,0,0.0,0.0,0.10636880248785019,0.0
3126,1778,0.15806667506694794,0,0.0,0.0,0.15806667506694794,0.0
3126,1779,0.16399109363555908,0,0.0,0.0,0.16399109363555908,0.0
3126,1780,0.0945611223578453,0,0.0,0.0,0.0945611223578453,0.0
3126,1781,0.09180264174938202,0,0.0,0.0,0.09180264174938202,0.0
3126,1782,0.08401215076446533,0,0.0,0.0,0.08401215076446533,0.0
3126,1783,0.08201536536216736,0,0.0,0.0,0.08201536536216736,0.0
3126,1784,0.05478737875819206,0,0.0,0.0,0.05478737875819206,0.0
3126,1785,0.06704113632440567,0,0.0,0.0,0.06704113632440567,0.0
3126,1786,0.06419157236814499,0,0.0,0.0,0.06419157236814499,0.0
3126,1787,0.151874840259552,0,0.0,0.0,0.151874840259552,0.0
3126,1788,0.16577550768852234,0,0.0,0.0,0.16577550768852234,0.0
3127,1728,0.0068471552804112434,0,0.0,0.0,0.0068471552804112434,0.0
3127,1729,0.008181924931704998,0,0.0,0.0,0.008181924931704998,0.0
3127,1730,0.010282586328685284,0,0.0,0.0,0.010282586328685284,0.0
3127,1731,0.008162351325154305,0,0.0,0.0,0.008162351325154305,0.0
3127,1732,0.004495871718972921,0,0.0,0.0,0.004495871718972921,0.0
3127,1733,0.004804915748536587,0,0.0,0.0,0.004804915748536587,0.0
3127,1734,0.00411416357383132,0,0.0,0.0,0.00411416357383132,0.0
3127,1735,0.003861397271975875,0,0.0,0.0,0.003861397271975875,0.0
3127,1736,0.004766400903463364,0,0.0,0.0,0.004766400903463364,0.0
3127,1737,0.006126679014414549,0,0.0,0.0,0.006126679014414549,0.0
3127,1738,0.005280773155391216,0,0.0,0.0,0.005280773155391216,0.0
3127,1739,0.005192133132368326,0,0.0,0.0,0.005192133132368326,0.0
3127,1740,0.007135575637221336,0,0.0,0.0,0.007135575637221336,0.0
3127,1741,0.00792685616761446,0,0.0,0.0,0.00792685616761446,0.0
3127,1742,0.006238337140530348,0,0.0,0.0,0.006238337140530348,0.0
3127,1743,0.009004896506667137,0,0.0,0.0,0.009004896506667137,0.0
3127,1744,0.009963427670300007,0,0.0,0.0,0.009963427670300007,0.0
3127,1745,0.009185840375721455,0,0.0,0.0,0.009185840375721455,0.0
3127,1746,0.01295853964984417,0,0.0,0.0,0.01295853964984417,0.0
3127,1747,0.01001548208296299,0,0.0,0.0,0.01001548208296299,0.0
3127,1748,0.011876024305820465,0,0.0,0.0,0.011876024305820465,0.0
3127,1749,0.01573505438864231,0,0.0,0.0,0.01573505438864231,0.0
3127,1750,0.022575775161385536,0,0.0,0.0,0.022575775161385536,0.0
3127,1751,0.03338104113936424,0,0.0,0.0,0.03338104113936424,0.0
3127,1752,0.05208909139037132,0,0.0,0.0,0.05208909139037132,0.0
3127,1753,0.13404829800128937,0,0.0,0.0,0.13404829800128937,0.0
3127,1754,0.429553359746933,0,0.0,0.0,0.429553359746933,0.0
3127,1755,0.4750863015651703,0,0.33333333333333337,0.0,0.31672420104344684,0.0
3127,1756,0.4491797685623169,0,0.6666666666666667,0.0,0.14972658952077225,0.0
3127,1757,0.5660805702209473,1,1.0,0.6392868757247925,0.0,0.3607131242752075
3127,1758,0.5680791139602661,0,0.6666666666666667,0.0,0.189359704653422,0.0
3127,1759,0.3815968930721283,0,0.6666666666666667,0.0,0.12719896435737607,0.0
3127,1760,0.5712794661521912,1,1.0,0.6392868757247925,0.0,0.3607131242752075
3127,1761,0.5619861483573914,1,1.0,0.6392868757247925,0.0,0.3607131242752075
3127,1762,0.5733855366706848,0,0.6666666666666667,0.0,0.19112851222356156,0.0
3127,1763,0.5511665344238281,0,0.6666666666666667,0.0,0.183722178141276,0.0
3127,1764,0.5644583702087402,1,1.0,0.5644583702087402,0.0,0.43554162979125977
3127,1765,0.44765621423721313,0,0.6666666666666667,0.0,0.14921873807907102,0.0
3127,1766,0.4555716812610626,0,0.33333333333333337,0.0,0.30371445417404175,0.0
3127,1767,0.3789452910423279,0,0.2546440075000701,0.0,0.2824491435080291,0.0
3127,1768,0.2834039032459259,0,0.5285954792089683,0.0,0.1335978811999536,0.0
3127,1769,0.39255276322364807,0,0.6666666666666667,0.0,0.13085092107454932,0.0
3127,1770,0.5707967877388,0,0.5285954792089683,0.0,0.2690761861930693,0.0
3127,1771,0.4017983675003052,0,0.2546440075000701,0.0,0.2994828209930415,0.0
3127,1772,0.3955349624156952,0,0.0,0.0,0.3955349624156952,0.0
3127,1773,0.2861502766609192,0,0.0,0.0,0.2861502766609192,0.0
3127,1774,0.32344895601272583,0,0.0,0.0,0.32344895601272583,0.0
3127,1775,0.28379735350608826,0,0.0,0.0,0.28379735350608826,0.0
3127,1776,0.31396201252937317,0,0.0,0.0,0.31396201252937317,0.0
3127,1777,0.549011766910553,0,0.0,0.0,0.549011766910553,0.0
3127,1778,0.40743523836135864,0,0.0,0.0,0.40743523836135864,0.0
3127,1779,0.39535754919052124,0,0.0,0.0,0.39535754919052124,0.0
3127,1780,0.32343795895576477,0,0.0,0.0,0.32343795895576477,0.0
3127,1781,0.23265765607357025,0,0.0,0.0,0.23265765607357025,0.0
3127,1782,0.22658681869506836,0,0.0,0.0,0.22658681869506836,0.0
3127,1783,0.16436733305454254,0,0.0,0.0,0.16436733305454254,0.0
3127,1784,0.2342429906129837,0,0.0,0.0,0.2342429906129837,0.0
3127,1785,0.37425586581230164,0,0.0,0.0,0.37425586581230164,0.0
3127,1786,0.34336885809898376,0,0.0,0.0,0.34336885809898376,0.0
3127,1787,0.2678622305393219,0,0.0,0.0,0.2678622305393219,0.0
3127,1788,0.15396493673324585,0,0.0,0.0,0.15396493673324585,0.0
3128,1728,0.006404899526387453,0,0.0,0.0,0.006404899526387453,0.0
3128,1729,0.009050585329532623,0,0.0,0.0,0.009050585329532623,0.0
3128,1730,0.00947341788560152,0,0.0,0.0,0.00947341788560152,0.0
3128,1731,0.007798734586685896,0,0.0,0.0,0.007798734586685896,0.0
3128,1732,0.0050407592207193375,0,0.0,0.0,0.0050407592207193375,0.0
3128,1733,0.004778306931257248,0,0.0,0.0,0.004778306931257248,0.0
3128,1734,0.004515774082392454,0,0.0,0.0,0.004515774082392454,0.0
3128,1735,0.004371101967990398,0,0.0,0.0,0.004371101967990398,0.0
3128,1736,0.00502368900924921,0,0.0,0.0,0.00502368900924921,0.0
3128,1737,0.006084586959332228,0,0.0,0.0,0.006084586959332228,0.0
3128,1738,0.005708578508347273,0,0.0,0.0,0.005708578508347273,0.0
3128,1739,0.005530672147870064,0,0.0,0.0,0.005530672147870064,0.0
3128,1740,0.006601477507501841,0,0.0,0.0,0.006601477507501841,0.0
3128,1741,0.009469184093177319,0,0.0,0.0,0.009469184093177319,0.0
3128,1742,0.009895834140479565,0,0.0,0.0,0.009895834140479565,0.0
3128,1743,0.0076831490732729435,0,0.0,0.0,0.0076831490732729435,0.0
3128,1744,0.009452502243220806,0,0.0,0.0,0.009452502243220806,0.0
3128,1745,0.01323119830340147,0,0.0,0.0,0.01323119830340147,0.0
3128,1746,0.01804926060140133,0,0.0,0.0,0.01804926060140133,0.0
3128,1747,0.009013359434902668,0,0.0,0.0,0.009013359434902668,0.0
3128,1748,0.010339745320379734,0,0.0,0.0,0.010339745320379734,0.0
3128,1749,0.011516889557242393,0,0.0,0.0,0.011516889557242393,0.0
3128,1750,0.025705548003315926,0,0.0,0.0,0.025705548003315926,0.0
3128,1751,0.03482580929994583,0,0.0,0.0,0.03482580929994583,0.0
3128,1752,0.033080291002988815,0,0.0,0.0,0.033080291002988815,0.0
3128,1753,0.08559378981590271,0,0.0,0.0,0.08559378981590271,0.0
3128,1754,0.32685911655426025,0,0.0,0.0,0.32685911655426025,0.0
3128,1755,0.2484198659658432,0,0.33333333333333337,0.0,0.1656132439772288,0.0
3128,1756,0.43416985869407654,0,0.6666666666666667,0.0,0.14472328623135883,0.0
3128,1757,0.5540987849235535,1,1.0,0.6392868757247925,0.0,0.3607131242752075
3128,1758,0.5768935084342957,0,0.6666666666666667,0.0,0.19229783614476517,0.0
3128,1759,0.6229115724563599,0,0.6666666666666667,0.0,0.20763719081878657,0.0
3128,1760,0.6225318312644958,1,1.0,0.6767489910125732,0.0,0.32325100898742676
3128,1761,0.5522806644439697,1,1.0,0.6767489910125732,0.0,0.32325100898742676
3128,1762,0.4094930589199066,0,0.6666666666666667,0.0,0.1364976863066355,0.0
3128,1763,0.42798298597335815,1,1.0,0.6767489910125732,0.0,0.32325100898742676
3128,1764,0.5483613610267639,0,0.6666666666666667,0.0,0.1827871203422546,0.0
3128,1765,0.4861387014389038,0,0.5285954792089683,0.0,0.22916798158978088,0.0
3128,1766,0.38136836886405945,0,0.2546440075000701,0.0,0.2842551990827504,0.0
3128,1767,0.4077565371990204,0,0.33333333333333337,0.0,0.27183769146601355,0.0
3128,1768,0.4338783621788025,0,0.6666666666666667,0.0,0.14462612072626746,0.0
3128,1769,0.627106249332428,1,1.0,0.8501531481742859,0.0,0.1498468518257141
3128,1770,0.7483566403388977,0,0.6666666666666667,0.0,0.24945221344629917,0.0
3128,1771,0.7362657785415649,0,0.33333333333333337,0.0,0.4908438523610433,0.0
3128,1772,0.8276188373565674,0,0.057190958417936644,0.0,0.7802865228434068,0.0
3128,1773,0.732649564743042,0,0.0,0.0,0.732649564743042,0.0
3128,1774,0.642410933971405,0,0.0,0.0,0.642410933971405,0.0
3128,1775,0.566223680973053,0,0.0,0.0,0.566223680973053,0.0
3128,1776,0.45539969205856323,0,0.0,0.0,0.45539969205856323,0.0
3128,1777,0.23254096508026123,0,0.0,0.0,0.23254096508026123,0.0
3128,1778,0.21583303809165955,0,0.0,0.0,0.21583303809165955,0.0
3128,1779,0.47784486413002014,0,0.0,0.0,0.47784486413002014,0.0
3128,1780,0.5657951235771179,0,0.0,0.0,0.5657951235771179,0.0
3128,1781,0.5555875897407532,0,0.0,0.0,0.5555875897407532,0.0
3128,1782,0.34443268179893494,0,0.0,0.0,0.34443268179893494,0.0
3128,1783,0.27966663241386414,0,0.0,0.0,0.27966663241386414,0.0
3128,1784,0.3267795443534851,0,0.0,0.0,0.3267795443534851,0.0
3128,1785,0.30446237325668335,0,0.0,0.0,0.30446237325668335,0.0
3128,1786,0.24418632686138153,0,0.0,0.0,0.24418632686138153,0.0
3128,1787,0.1330386847257614,0,0.0,0.0,0.1330386847257614,0.0
3128,1788,0.19801096618175507,0,0.0,0.0,0.19801096618175507,0.0
3129,1728,0.007534685079008341,0,0.0,0.0,0.007534685079008341,0.0
3129,1729,0.008942694403231144,0,0.0,0.0,0.008942694403231144,0.0
3129,1730,0.009297579526901245,0,0.0,0.0,0.009297579526901245,0.0
3129,1731,0.009356027469038963,0,0.0,0.0,0.009356027469038963,0.0
3129,1732,0.005600220523774624,0,0.0,0.0,0.005600220523774624,0.0
3129,1733,0.004883799701929092,0,0.0,0.0,0.004883799701929092,0.0
3129,1734,0.003725075861439109,0,0.0,0.0,0.003725075861439109,0.0
3129,1735,0.0042050546035170555,0,0.0,0.0,0.0042050546035170555,0.0
3129,1736,0.005282844882458448,0,0.0,0.0,0.005282844882458448,0.0
3129,1737,0.007198950741440058,0,0.0,0.0,0.007198950741440058,0.0
3129,1738,0.006493085529655218,0,0.0,0.0,0.006493085529655218,0.0
3129,1739,0.006869594566524029,0,0.0,0.0,0.006869594566524029,0.0
3129,1740,0.006505084689706564,0,0.0,0.0,0.006505084689706564,0.0
3129,1741,0.007611043285578489,0,0.0,0.0,0.007611043285578489,0.0
3129,1742,0.008420638740062714,0,0.0,0.0,0.008420638740062714,0.0
3129,1743,0.009624738246202469,0,0.0,0.0,0.009624738246202469,0.0
3129,1744,0.009136475622653961,0,0.0,0.0,0.009136475622653961,0.0
3129,1745,0.012113380245864391,0,0.0,0.0,0.012113380245864391,0.0
3129,1746,0.020409690216183662,0,0.0,0.0,0.020409690216183662,0.0
3129,1747,0.011858896352350712,0,0.0,0.0,0.011858896352350712,0.0
3129,1748,0.012101463973522186,0,0.0,0.0,0.012101463973522186,0.0
3129,1749,0.014061026275157928,0,0.0,0.0,0.014061026275157928,0.0
3129,1750,0.025928432121872902,0,0.0,0.0,0.025928432121872902,0.0
3129,1751,0.049362752586603165,0,0.0,0.0,0.049362752586603165,0.0
3129,1752,0.0470428504049778,0,0.0,0.0,0.0470428504049778,0.0
3129,1753,0.10663088411092758,0,0.0,0.0,0.10663088411092758,0.0
3129,1754,0.3124907314777374,0,0.0,0.0,0.3124907314777374,0.0
3129,1755,0.23263607919216156,0,0.2546440075000701,0.0,0.17339669569756586,0.0
3129,1756,0.4502885341644287,0,0.5285954792089683,0.0,0.2122680506654786,0.0
3129,1757,0.32520681619644165,0,0.6666666666666667,0.0,0.10840227206548053,0.0
3129,1758,0.5886332392692566,0,0.6666666666666667,0.0,0.19621107975641883,0.0
3129,1759,0.6392868757247925,1,1.0,0.7028998136520386,0.0,0.2971001863479614
3129,1760,0.5677968859672546,0,0.6666666666666667,0.0,0.1892656286557515,0.0
3129,1761,0.5633642077445984,1,1.0,0.7028998136520386,0.0,0.2971001863479614
3129,1762,0.5533392429351807,1,1.0,0.7028998136520386,0.0,0.2971001863479614
3129,1763,0.581994891166687,0,0.6666666666666667,0.0,0.1939982970555623,0.0
3129,1764,0.49797651171684265,0,0.5285954792089683,0.0,0.23474837887106778,0.0
3129,1765,0.36037328839302063,0,0.2546440075000701,0.0,0.26860639004064335,0.0
3129,1766,0.2973000109195709,0,0.057190958417936644,0.0,0.28029713835741765,0.0
3129,1767,0.435093492269516,0,0.33333333333333337,0.0,0.2900623281796773,0.0
3129,1768,0.47127437591552734,0,0.6666666666666667,0.0,0.15709145863850907,0.0
3129,1769,0.8203555941581726,1,1.0,0.8501531481742859,0.0,0.1498468518257141
3129,1770,0.8934956192970276,0,0.6666666666666667,0.0,0.2978318730990091,0.0
3129,1771,0.8812955617904663,0,0.5285954792089683,0.0,0.41544671198109784,0.0
3129,1772,0.6996535658836365,0,0.2546440075000701,0.0,0.521490978005313,0.0
3129,1773,0.607387125492096,0,0.0,0.0,0.607387125492096,0.0
3129,1774,0.4123605191707611,0,0.0,0.0,0.4123605191707611,0.0
3129,1775,0.4824829697608948,0,0.0,0.0,0.4824829697608948,0.0
3129,1776,0.28477028012275696,0,0.0,0.0,0.28477028012275696,0.0
3129,1777,0.271175742149353,0,0.0,0.0,0.271175742149353,0.0
3129,1778,0.31428712606430054,0,0.0,0.0,0.31428712606430054,0.0
3129,1779,0.24139784276485443,0,0.0,0.0,0.24139784276485443,0.0
3129,1780,0.10283301770687103,0,0.0,0.0,0.10283301770687103,0.0
3129,1781,0.13592782616615295,0,0.0,0.0,0.13592782616615295,0.0
3129,1782,0.11372026801109314,0,0.0,0.0,0.11372026801109314,0.0
3129,1783,0.09159906953573227,0,0.0,0.0,0.09159906953573227,0.0
3129,1784,0.14017155766487122,0,0.0,0.0,0.14017155766487122,0.0
3129,1785,0.2141401469707489,0,0.0,0.0,0.2141401469707489,0.0
3129,1786,0.15727168321609497,0,0.0,0.0,0.15727168321609497,0.0
3129,1787,0.20514969527721405,0,0.0,0.0,0.20514969527721405,0.0
3129,1788,0.08191949129104614,0,0.0,0.0,0.08191949129104614,0.0
3130,1728,0.008153182454407215,0,0.0,0.0,0.008153182454407215,0.0
3130,1729,0.009352091699838638,0,0.0,0.0,0.009352091699838638,0.0
3130,1730,0.00998069066554308,0,0.0,0.0,0.00998069066554308,0.0
3130,1731,0.008830967359244823,0,0.0,0.0,0.008830967359244823,0.0
3130,1732,0.006119107827544212,0,0.0,0.0,0.006119107827544212,0.0
3130,1733,0.005305950064212084,0,0.0,0.0,0.005305950064212084,0.0
3130,1734,0.003702983260154724,0,0.0,0.0,0.003702983260154724,0.0
3130,1735,0.004009400028735399,0,0.0,0.0,0.004009400028735399,0.0
3130,1736,0.0052389404736459255,0,0.0,0.0,0.0052389404736459255,0.0
3130,1737,0.007508193142712116,0,0.0,0.0,0.007508193142712116,0.0
3130,1738,0.007573485374450684,0,0.0,0.0,0.007573485374450684,0.0
3130,1739,0.00897048320621252,0,0.0,0.0,0.00897048320621252,0.0
3130,1740,0.008510252460837364,0,0.0,0.0,0.008510252460837364,0.0
3130,1741,0.00818913709372282,0,0.0,0.0,0.00818913709372282,0.0
3130,1742,0.008271547965705395,0,0.0,0.0,0.008271547965705395,0.0
3130,1743,0.008310835808515549,0,0.0,0.0,0.008310835808515549,0.0
3130,1744,0.009590226225554943,0,0.0,0.0,0.009590226225554943,0.0
3130,1745,0.01238507591187954,0,0.0,0.0,0.01238507591187954,0.0
3130,1746,0.01819455437362194,0,0.0,0.0,0.01819455437362194,0.0
3130,1747,0.014014733023941517,0,0.0,0.0,0.014014733023941517,0.0
3130,1748,0.013656318187713623,0,0.0,0.0,0.013656318187713623,0.0
3130,1749,0.023604804649949074,0,0.0,0.0,0.023604804649949074,0.0
3130,1750,0.028186073526740074,0,0.0,0.0,0.028186073526740074,0.0
3130,1751,0.054672665894031525,0,0.0,0.0,0.054672665894031525,0.0
3130,1752,0.07332932949066162,0,0.0,0.0,0.07332932949066162,0.0
3130,1753,0.10985926538705826,0,0.0,0.0,0.10985926538705826,0.0
3130,1754,0.3624948263168335,0,0.0,0.0,0.3624948263168335,0.0
3130,1755,0.3051563501358032,0,0.057190958417936644,0.0,0.28770416600421717,0.0
3130,1756,0.43720775842666626,0,0.2546440075000701,0.0,0.3258754227107774,0.0
3130,1757,0.33347123861312866,0,0.33333333333333337,0.0,0.2223141590754191,0.0
3130,1758,0.6006317734718323,0,0.6666666666666667,0.0,0.20021059115727738,0.0
3130,1759,0.6338491439819336,1,1.0,0.7028998136520386,0.0,0.2971001863479614
3130,1760,0.60676509141922,0,0.6666666666666667,0.0,0.20225503047307328,0.0
3130,1761,0.5956160426139832,0,0.6666666666666667,0.0,0.19853868087132767,0.0
3130,1762,0.6158192753791809,0,0.6666666666666667,0.0,0.20527309179306025,0.0
3130,1763,0.571753740310669,0,0.5285954792089683,0.0,0.2695272979616309,0.0
3130,1764,0.5376519560813904,0,0.2546440075000701,0.0,0.40074210734457344,0.0
3130,1765,0.5062060952186584,0,0.057190958417936644,0.0,0.4772556834761021,0.0
3130,1766,0.4620392918586731,0,0.0,0.0,0.4620392918586731,0.0
3130,1767,0.48037245869636536,0,0.33333333333333337,0.0,0.3202483057975769,0.0
3130,1768,0.5938513278961182,0,0.6666666666666667,0.0,0.19795044263203934,0.0
3130,1769,0.8501531481742859,1,1.0,0.8798221945762634,0.0,0.12017780542373657
3130,1770,0.7077248692512512,1,1.0,0.8798221945762634,0.0,0.12017780542373657
3130,1771,0.597358226776123,0,0.6666666666666667,0.0,0.1991194089253743,0.0
3130,1772,0.48840203881263733,0,0.33333333333333337,0.0,0.32560135920842487,0.0
3130,1773,0.28771552443504333,0,0.0,0.0,0.28771552443504333,0.0
3130,1774,0.4007199704647064,0,0.0,0.0,0.4007199704647064,0.0
3130,1775,0.3272642493247986,0,0.0,0.0,0.3272642493247986,0.0
3130,1776,0.1862579882144928,0,0.0,0.0,0.1862579882144928,0.0
3130,1777,0.3199019730091095,0,0.0,0.0,0.3199019730091095,0.0
3130,1778,0.3098233640193939,0,0.0,0.0,0.3098233640193939,0.0
3130,1779,0.2638721764087677,0,0.0,0.0,0.2638721764087677,0.0
3130,1780,0.23351620137691498,0,0.0,0.0,0.23351620137691498,0.0
3130,1781,0.17030349373817444,0,0.0,0.0,0.17030349373817444,0.0
3130,1782,0.1709253489971161,0,0.0,0.0,0.1709253489971161,0.0
3130,1783,0.16761592030525208,0,0.0,0.0,0.16761592030525208,0.0
3130,1784,0.27100712060928345,0,0.0,0.0,0.27100712060928345,0.0
3130,1785,0.19165068864822388,0,0.0,0.0,0.19165068864822388,0.0
3130,1786,0.12207203358411789,0,0.0,0.0,0.12207203358411789,0.0
3130,1787,0.09450331330299377,0,0.0,0.0,0.09450331330299377,0.0
3130,1788,0.06441406160593033,0,0.0,0.0,0.06441406160593033,0.0
3131,1728,0.006453739479184151,0,0.0,0.0,0.006453739479184151,0.0
3131,1729,0.007975676096975803,0,0.0,0.0,0.007975676096975803,0.0
3131,1730,0.008887138217687607,0,0.0,0.0,0.008887138217687607,0.0
3131,1731,0.009324108250439167,0,0.0,0.0,0.009324108250439167,0.0
3131,1732,0.007438338361680508,0,0.0,0.0,0.007438338361680508,0.0
3131,1733,0.005431630183011293,0,0.0,0.0,0.005431630183011293,0.0
3131,1734,0.004902339540421963,0,0.0,0.0,0.004902339540421963,0.0
3131,1735,0.004917646758258343,0,0.0,0.0,0.004917646758258343,0.0
3131,1736,0.005337580572813749,0,0.0,0.0,0.005337580572813749,0.0
3131,1737,0.007029860280454159,0,0.0,0.0,0.007029860280454159,0.0
3131,1738,0.007267214357852936,0,0.0,0.0,0.007267214357852936,0.0
3131,1739,0.008513475768268108,0,0.0,0.0,0.008513475768268108,0.0
3131,1740,0.00889645516872406,0,0.0,0.0,0.00889645516872406,0.0
3131,1741,0.009420819580554962,0,0.0,0.0,0.009420819580554962,0.0
3131,1742,0.009014179930090904,0,0.0,0.0,0.009014179930090904,0.0
3131,1743,0.008808445185422897,0,0.0,0.0,0.008808445185422897,0.0
3131,1744,0.01051126979291439,0,0.0,0.0,0.01051126979291439,0.0
3131,1745,0.013452963903546333,0,0.0,0.0,0.013452963903546333,0.0
3131,1746,0.017667917534708977,0,0.0,0.0,0.017667917534708977,0.0
3131,1747,0.012430534698069096,0,0.0,0.0,0.012430534698069096,0.0
3131,1748,0.013929166831076145,0,0.0,0.0,0.013929166831076145,0.0
3131,1749,0.027594400569796562,0,0.0,0.0,0.027594400569796562,0.0
3131,1750,0.03338884562253952,0,0.0,0.0,0.03338884562253952,0.0
3131,1751,0.05128827691078186,0,0.0,0.0,0.05128827691078186,0.0
3131,1752,0.0807209387421608,0,0.0,0.0,0.0807209387421608,0.0
3131,1753,0.16078710556030273,0,0.0,0.0,0.16078710556030273,0.0
3131,1754,0.33872461318969727,0,0.0,0.0,0.33872461318969727,0.0
3131,1755,0.3908940851688385,0,0.0,0.0,0.3908940851688385,0.0
3131,1756,0.40774521231651306,0,0.0,0.0,0.40774521231651306,0.0
3131,1757,0.37709131836891174,0,0.33333333333333337,0.0,0.25139421224594116,0.0
3131,1758,0.5885398983955383,0,0.6666666666666667,0.0,0.19617996613184607,0.0
3131,1759,0.5995721817016602,1,1.0,0.7028998136520386,0.0,0.2971001863479614
3131,1760,0.6958721280097961,0,0.6666666666666667,0.0,0.23195737600326533,0.0
3131,1761,0.6767489910125732,1,1.0,0.7028998136520386,0.0,0.2971001863479614
3131,1762,0.5818670988082886,0,0.6666666666666667,0.0,0.19395569960276282,0.0
3131,1763,0.46563535928726196,0,0.33333333333333337,0.0,0.3104235728581746,0.0
3131,1764,0.5758280754089355,0,0.057190958417936644,0.0,0.5428959158923427,0.0
3131,1765,0.49856746196746826,0,0.0,0.0,0.49856746196746826,0.0
3131,1766,0.3333875238895416,0,0.057190958417936644,0.0,0.314320771873716,0.0
3131,1767,0.5577592849731445,0,0.33333333333333337,0.0,0.3718395233154297,0.0
3131,1768,0.6860941648483276,0,0.6666666666666667,0.0,0.2286980549494425,0.0
3131,1769,0.81048583984375,1,1.0,0.901401698589325,0.0,0.09859830141067505
3131,1770,0.7257229089736938,1,1.0,0.901401698589325,0.0,0.09859830141067505
3131,1771,0.6073701977729797,0,0.6666666666666667,0.0,0.2024567325909932,0.0
3131,1772,0.4295973479747772,0,0.33333333333333337,0.0,0.2863982319831848,0.0
3131,1773,0.5061830878257751,0,0.057190958417936644,0.0,0.4772339918980685,0.0
3131,1774,0.20685605704784393,0,0.0,0.0,0.20685605704784393,0.0
3131,1775,0.3110046684741974,0,0.0,0.0,0.3110046684741974,0.0
3131,1776,0.3173512816429138,0,0.0,0.0,0.3173512816429138,0.0
3131,1777,0.24803733825683594,0,0.0,0.0,0.24803733825683594,0.0
3131,1778,0.1839360147714615,0,0.0,0.0,0.1839360147714615,0.0
3131,1779,0.214387908577919,0,0.0,0.0,0.214387908577919,0.0
3131,1780,0.18163293600082397,0,0.0,0.0,0.18163293600082397,0.0
3131,1781,0.2056140899658203,0,0.0,0.0,0.2056140899658203,0.0
3131,1782,0.2036469727754593,0,0.0,0.0,0.2036469727754593,0.0
3131,1783,0.1171506941318512,0,0.0,0.0,0.1171506941318512,0.0
3131,1784,0.22314652800559998,0,0.0,0.0,0.22314652800559998,0.0
3131,1785,0.16406099498271942,0,0.0,0.0,0.16406099498271942,0.0
3131,1786,0.1029118001461029,0,0.0,0.0,0.1029118001461029,0.0
3131,1787,0.12003166973590851,0,0.0,0.0,0.12003166973590851,0.0
3131,1788,0.07840865850448608,0,0.0,0.0,0.07840865850448608,0.0
3132,1728,0.005807145033031702,0,0.0,0.0,0.005807145033031702,0.0
3132,1729,0.007512883748859167,0,0.0,0.0,0.007512883748859167,0.0
3132,1730,0.009516146965324879,0,0.0,0.0,0.009516146965324879,0.0
3132,1731,0.010291408747434616,0,0.0,0.0,0.010291408747434616,0.0
3132,1732,0.010417106561362743,0,0.0,0.0,0.010417106561362743,0.0
3132,1733,0.005995956249535084,0,0.0,0.0,0.005995956249535084,0.0
3132,1734,0.005229161586612463,0,0.0,0.0,0.005229161586612463,0.0
3132,1735,0.005205855239182711,0,0.0,0.0,0.005205855239182711,0.0
3132,1736,0.005404586438089609,0,0.0,0.0,0.005404586438089609,0.0
3132,1737,0.007057578302919865,0,0.0,0.0,0.007057578302919865,0.0
3132,1738,0.007765003480017185,0,0.0,0.0,0.007765003480017185,0.0
3132,1739,0.009421247988939285,0,0.0,0.0,0.009421247988939285,0.0
3132,1740,0.0077180517837405205,0,0.0,0.0,0.0077180517837405205,0.0
3132,1741,0.008256918750703335,0,0.0,0.0,0.008256918750703335,0.0
3132,1742,0.008814104832708836,0,0.0,0.0,0.008814104832708836,0.0
3132,1743,0.009094021283090115,0,0.0,0.0,0.009094021283090115,0.0
3132,1744,0.01079358160495758,0,0.0,0.0,0.01079358160495758,0.0
3132,1745,0.013031799346208572,0,0.0,0.0,0.013031799346208572,0.0
3132,1746,0.014256374910473824,0,0.0,0.0,0.014256374910473824,0.0
3132,1747,0.011356260627508163,0,0.0,0.0,0.011356260627508163,0.0
3132,1748,0.013502209447324276,0,0.0,0.0,0.013502209447324276,0.0
3132,1749,0.03170933201909065,0,0.0,0.0,0.03170933201909065,0.0
3132,1750,0.03677724674344063,0,0.0,0.0,0.03677724674344063,0.0
3132,1751,0.057862430810928345,0,0.0,0.0,0.057862430810928345,0.0
3132,1752,0.12944020330905914,0,0.0,0.0,0.12944020330905914,0.0
3132,1753,0.16563239693641663,0,0.0,0.0,0.16563239693641663,0.0
3132,1754,0.36068663001060486,0,0.0,0.0,0.36068663001060486,0.0
3132,1755,0.3499162197113037,0,0.0,0.0,0.3499162197113037,0.0
3132,1756,0.2737177312374115,0,0.057190958417936644,0.0,0.2580635518519607,0.0
3132,1757,0.3243570327758789,0,0.33333333333333337,0.0,0.21623802185058594,0.0
3132,1758,0.5524528622627258,0,0.6666666666666667,0.0,0.18415095408757523,0.0
3132,1759,0.6127314567565918,1,1.0,0.7514705657958984,0.0,0.24852943420410156
3132,1760,0.7028998136520386,1,1.0,0.7514705657958984,0.0,0.24852943420410156
3132,1761,0.6012279987335205,1,1.0,0.7514705657958984,0.0,0.24852943420410156
3132,1762,0.5924383401870728,0,0.6666666666666667,0.0,0.1974794467290242,0.0
3132,1763,0.3810012638568878,0,0.33333333333333337,0.0,0.25400084257125854,0.0
3132,1764,0.5797132253646851,0,0.0,0.0,0.5797132253646851,0.0
3132,1765,0.5326840281486511,0,0.0,0.0,0.5326840281486511,0.0
3132,1766,0.4837670922279358,0,0.2546440075000701,0.0,0.3605787011663582,0.0
3132,1767,0.6119151711463928,0,0.5285954792089683,0.0,0.28845957801902744,0.0
3132,1768,0.7470435500144958,0,0.6666666666666667,0.0,0.24901451667149857,0.0
3132,1769,0.7162911891937256,1,1.0,0.901401698589325,0.0,0.09859830141067505
3132,1770,0.7502248287200928,1,1.0,0.901401698589325,0.0,0.09859830141067505
3132,1771,0.7976813912391663,0,0.6666666666666667,0.0,0.26589379707972205,0.0
3132,1772,0.40777507424354553,0,0.5285954792089683,0.0,0.19222701346430596,0.0
3132,1773,0.560257613658905,0,0.2546440075000701,0.0,0.41759136968437544,0.0
3132,1774,0.2771473526954651,0,0.057190958417936644,0.0,0.26129702997181753,0.0
3132,1775,0.3990483283996582,0,0.0,0.0,0.3990483283996582,0.0
3132,1776,0.1570785641670227,0,0.0,0.0,0.1570785641670227,0.0
3132,1777,0.38925227522850037,0,0.0,0.0,0.38925227522850037,0.0
3132,1778,0.2226732075214386,0,0.0,0.0,0.2226732075214386,0.0
3132,1779,0.14115802943706512,0,0.0,0.0,0.14115802943706512,0.0
3132,1780,0.20019930601119995,0,0.0,0.0,0.20019930601119995,0.0
3132,1781,0.19904160499572754,0,0.0,0.0,0.19904160499572754,0.0
3132,1782,0.23357146978378296,0,0.0,0.0,0.23357146978378296,0.0
3132,1783,0.16395945847034454,0,0.0,0.0,0.16395945847034454,0.0
3132,1784,0.17909099161624908,0,0.0,0.0,0.17909099161624908,0.0
3132,1785,0.14942429959774017,0,0.0,0.0,0.14942429959774017,0.0
3132,1786,0.14100012183189392,0,0.0,0.0,0.14100012183189392,0.0
3132,1787,0.1043134480714798,0,0.0,0.0,0.1043134480714798,0.0
3132,1788,0.1258825808763504,0,0.0,0.0,0.1258825808763504,0.0
3133,1728,0.005995058920234442,0,0.0,0.0,0.005995058920234442,0.0
3133,1729,0.005634171422570944,0,0.0,0.0,0.005634171422570944,0.0
3133,1730,0.008346837013959885,0,0.0,0.0,0.008346837013959885,0.0
3133,1731,0.010898619890213013,0,0.0,0.0,0.010898619890213013,0.0
3133,1732,0.010962681844830513,0,0.0,0.0,0.010962681844830513,0.0
3133,1733,0.007391817402094603,0,0.0,0.0,0.007391817402094603,0.0
3133,1734,0.005416779313236475,0,0.0,0.0,0.005416779313236475,0.0
3133,1735,0.005176509730517864,0,0.0,0.0,0.005176509730517864,0.0
3133,1736,0.004878012929111719,0,0.0,0.0,0.004878012929111719,0.0
3133,1737,0.006263443734496832,0,0.0,0.0,0.006263443734496832,0.0
3133,1738,0.007766031660139561,0,0.0,0.0,0.007766031660139561,0.0
3133,1739,0.007823759689927101,0,0.0,0.0,0.007823759689927101,0.0
3133,1740,0.008228201419115067,0,0.0,0.0,0.008228201419115067,0.0
3133,1741,0.008525002747774124,0,0.0,0.0,0.008525002747774124,0.0
3133,1742,0.010435068048536777,0,0.0,0.0,0.010435068048536777,0.0
3133,1743,0.010092686861753464,0,0.0,0.0,0.010092686861753464,0.0
3133,1744,0.011138600297272205,0,0.0,0.0,0.011138600297272205,0.0
3133,1745,0.012624197639524937,0,0.0,0.0,0.012624197639524937,0.0
3133,1746,0.014338906854391098,0,0.0,0.0,0.014338906854391098,0.0
3133,1747,0.011993368156254292,0,0.0,0.0,0.011993368156254292,0.0
3133,1748,0.015438659116625786,0,0.0,0.0,0.015438659116625786,0.0
3133,1749,0.03290548548102379,0,0.0,0.0,0.03290548548102379,0.0
3133,1750,0.039989717304706573,0,0.0,0.0,0.039989717304706573,0.0
3133,1751,0.05703025683760643,0,0.0,0.0,0.05703025683760643,0.0
3133,1752,0.15226233005523682,0,0.0,0.0,0.15226233005523682,0.0
3133,1753,0.20955714583396912,0,0.0,0.0,0.20955714583396912,0.0
3133,1754,0.4016161262989044,0,0.0,0.0,0.4016161262989044,0.0
3133,1755,0.3449656367301941,0,0.057190958417936644,0.0,0.3252367213443405,0.0
3133,1756,0.2605813443660736,0,0.2546440075000701,0.0,0.19422586655694082,0.0
3133,1757,0.35567906498908997,0,0.5285954792089683,0.0,0.16766871918658416,0.0
3133,1758,0.5621086955070496,0,0.6666666666666667,0.0,0.18736956516901648,0.0
3133,1759,0.6208420991897583,0,0.6666666666666667,0.0,0.20694736639658606,0.0
3133,1760,0.6710266470909119,1,1.0,0.8673970699310303,0.0,0.13260293006896973
3133,1761,0.655020534992218,1,1.0,0.8673970699310303,0.0,0.13260293006896973
3133,1762,0.6547186374664307,0,0.6666666666666667,0.0,0.2182395458221435,0.0
3133,1763,0.5902407169342041,0,0.33333333333333337,0.0,0.39349381128946936,0.0
3133,1764,0.58316969871521,0,0.0,0.0,0.58316969871521,0.0
3133,1765,0.5283512473106384,0,0.0,0.0,0.5283512473106384,0.0
3133,1766,0.588494598865509,0,0.33333333333333337,0.0,0.392329732577006,0.0
3133,1767,0.6452797055244446,0,0.6666666666666667,0.0,0.21509323517481482,0.0
3133,1768,0.7673944234848022,1,1.0,0.901401698589325,0.0,0.09859830141067505
3133,1769,0.7189745306968689,0,0.6666666666666667,0.0,0.23965817689895624,0.0
3133,1770,0.7949509024620056,0,0.6666666666666667,0.0,0.26498363415400183,0.0
3133,1771,0.8798221945762634,1,1.0,0.901401698589325,0.0,0.09859830141067505
3133,1772,0.4813796877861023,0,0.6666666666666667,0.0,0.16045989592870072,0.0
3133,1773,0.601357102394104,0,0.5285954792089683,0.0,0.28348245667837596,0.0
3133,1774,0.463023841381073,0,0.2546440075000701,0.0,0.3451175948437198,0.0
3133,1775,0.5108693242073059,0,0.0,0.0,0.5108693242073059,0.0
3133,1776,0.2352265864610672,0,0.0,0.0,0.2352265864610672,0.0
3133,1777,0.3105871379375458,0,0.0,0.0,0.3105871379375458,0.0
3133,1778,0.41821587085723877,0,0.0,0.0,0.41821587085723877,0.0
3133,1779,0.290847510099411,0,0.0,0.0,0.290847510099411,0.0
3133,1780,0.3681948781013489,0,0.0,0.0,0.3681948781013489,0.0
3133,1781,0.16337721049785614,0,0.0,0.0,0.16337721049785614,0.0
3133,1782,0.1859351545572281,0,0.0,0.0,0.1859351545572281,0.0
3133,1783,0.29045796394348145,0,0.0,0.0,0.29045796394348145,0.0
3133,1784,0.3179761469364166,0,0.0,0.0,0.3179761469364166,0.0
3133,1785,0.18497121334075928,0,0.0,0.0,0.18497121334075928,0.0
3133,1786,0.11528430134057999,0,0.0,0.0,0.11528430134057999,0.0
3133,1787,0.14925582706928253,0,0.0,0.0,0.14925582706928253,0.0
3133,1788,0.15268690884113312,0,0.0,0.0,0.15268690884113312,0.0
3134,1728,0.0067448243498802185,0,0.0,0.0,0.0067448243498802185,0.0
3134,1729,0.005256795324385166,0,0.0,0.0,0.005256795324385166,0.0
3134,1730,0.006916664075106382,0,0.0,0.0,0.006916664075106382,0.0
3134,1731,0.00940978154540062,0,0.0,0.0,0.00940978154540062,0.0
3134,1732,0.007998542860150337,0,0.0,0.0,0.007998542860150337,0.0
3134,1733,0.008330979384481907,0,0.0,0.0,0.008330979384481907,0.0
3134,1734,0.005028016399592161,0,0.0,0.0,0.005028016399592161,0.0
3134,1735,0.0057904659770429134,0,0.0,0.0,0.0057904659770429134,0.0
3134,1736,0.005281259771436453,0,0.0,0.0,0.005281259771436453,0.0
3134,1737,0.005880776327103376,0,0.0,0.0,0.005880776327103376,0.0
3134,1738,0.007920041680335999,0,0.0,0.0,0.007920041680335999,0.0
3134,1739,0.007591539993882179,0,0.0,0.0,0.007591539993882179,0.0
3134,1740,0.008503694087266922,0,0.0,0.0,0.008503694087266922,0.0
3134,1741,0.008547969162464142,0,0.0,0.0,0.008547969162464142,0.0
3134,1742,0.009642832912504673,0,0.0,0.0,0.009642832912504673,0.0
3134,1743,0.010196853429079056,0,0.0,0.0,0.010196853429079056,0.0
3134,1744,0.01372593455016613,0,0.0,0.0,0.01372593455016613,0.0
3134,1745,0.015034441836178303,0,0.0,0.0,0.015034441836178303,0.0
3134,1746,0.01450015977025032,0,0.0,0.0,0.01450015977025032,0.0
3134,1747,0.013372763060033321,0,0.0,0.0,0.013372763060033321,0.0
3134,1748,0.01776786334812641,0,0.0,0.0,0.01776786334812641,0.0
3134,1749,0.03290548548102379,0,0.0,0.0,0.03290548548102379,0.0
3134,1750,0.04222482442855835,0,0.0,0.0,0.04222482442855835,0.0
3134,1751,0.06539244949817657,0,0.0,0.0,0.06539244949817657,0.0
3134,1752,0.1345793604850769,0,0.0,0.0,0.1345793604850769,0.0
3134,1753,0.20941153168678284,0,0.0,0.0,0.20941153168678284,0.0
3134,1754,0.27466151118278503,0,0.057190958417936644,0.0,0.25895335611772274,0.0
3134,1755,0.4624042809009552,0,0.2546440075000701,0.0,0.3446558017271478,0.0
3134,1756,0.3796204924583435,0,0.5285954792089683,0.0,0.17895481632978089,0.0
3134,1757,0.37499096989631653,0,0.6666666666666667,0.0,0.12499698996543882,0.0
3134,1758,0.6332499980926514,1,1.0,0.8999959826469421,0.0,0.10000401735305786
3134,1759,0.6631330251693726,1,1.0,0.8999959826469421,0.0,0.10000401735305786
3134,1760,0.6002308130264282,1,1.0,0.8999959826469421,0.0,0.10000401735305786
3134,1761,0.6395185589790344,0,0.6666666666666667,0.0,0.21317285299301142,0.0
3134,1762,0.5662981867790222,0,0.5285954792089683,0.0,0.2669555253633951,0.0
3134,1763,0.4955773949623108,0,0.2546440075000701,0.0,0.36938158108266295,0.0
3134,1764,0.37790700793266296,0,0.0,0.0,0.37790700793266296,0.0
3134,1765,0.5977582335472107,0,0.0,0.0,0.5977582335472107,0.0
3134,1766,0.6257910132408142,0,0.33333333333333337,0.0,0.4171940088272095,0.0
3134,1767,0.6048930883407593,0,0.6666666666666667,0.0,0.2016310294469197,0.0
3134,1768,0.6532379984855652,1,1.0,0.901401698589325,0.0,0.09859830141067505
3134,1769,0.7369243502616882,0,0.6666666666666667,0.0,0.24564145008722935,0.0
3134,1770,0.7618206143379211,0,0.6666666666666667,0.0,0.253940204779307,0.0
3134,1771,0.901401698589325,1,1.0,0.901401698589325,0.0,0.09859830141067505
3134,1772,0.8664193749427795,1,1.0,0.901401698589325,0.0,0.09859830141067505
3134,1773,0.7836431860923767,0,0.6666666666666667,0.0,0.2612143953641255,0.0
3134,1774,0.7101517915725708,0,0.33333333333333337,0.0,0.4734345277150472,0.0
3134,1775,0.6968262195587158,0,0.0,0.0,0.6968262195587158,0.0
3134,1776,0.3752525746822357,0,0.0,0.0,0.3752525746822357,0.0
3134,1777,0.5086742639541626,0,0.0,0.0,0.5086742639541626,0.0
3134,1778,0.4799100160598755,0,0.0,0.0,0.4799100160598755,0.0
3134,1779,0.5035644769668579,0,0.0,0.0,0.5035644769668579,0.0
3134,1780,0.4019700288772583,0,0.0,0.0,0.4019700288772583,0.0
3134,1781,0.17845295369625092,0,0.0,0.0,0.17845295369625092,0.0
3134,1782,0.10667732357978821,0,0.0,0.0,0.10667732357978821,0.0
3134,1783,0.13777662813663483,0,0.0,0.0,0.13777662813663483,0.0
3134,1784,0.17668582499027252,0,0.0,0.0,0.17668582499027252,0.0
3134,1785,0.1741434633731842,0,0.0,0.0,0.1741434633731842,0.0
3134,1786,0.1288190484046936,0,0.0,0.0,0.1288190484046936,0.0
3134,1787,0.1738659292459488,0,0.0,0.0,0.1738659292459488,0.0
3134,1788,0.16493108868598938,0,0.0,0.0,0.16493108868598938,0.0
3135,1728,0.005166332237422466,0,0.0,0.0,0.005166332237422466,0.0
3135,1729,0.005090497899800539,0,0.0,0.0,0.005090497899800539,0.0
3135,1730,0.006181058473885059,0,0.0,0.0,0.006181058473885059,0.0
3135,1731,0.00938363280147314,0,0.0,0.0,0.00938363280147314,0.0
3135,1732,0.009269362315535545,0,0.0,0.0,0.009269362315535545,0.0
3135,1733,0.006920336280018091,0,0.0,0.0,0.006920336280018091,0.0
3135,1734,0.005603746045380831,0,0.0,0.0,0.005603746045380831,0.0
3135,1735,0.005213906057178974,0,0.0,0.0,0.005213906057178974,0.0
3135,1736,0.005632979329675436,0,0.0,0.0,0.005632979329675436,0.0
3135,1737,0.005660738795995712,0,0.0,0.0,0.005660738795995712,0.0
3135,1738,0.007104811258614063,0,0.0,0.0,0.007104811258614063,0.0
3135,1739,0.0074648805893957615,0,0.0,0.0,0.0074648805893957615,0.0
3135,1740,0.008503694087266922,0,0.0,0.0,0.008503694087266922,0.0
3135,1741,0.008374812081456184,0,0.0,0.0,0.008374812081456184,0.0
3135,1742,0.008435240015387535,0,0.0,0.0,0.008435240015387535,0.0
3135,1743,0.009577304124832153,0,0.0,0.0,0.009577304124832153,0.0
3135,1744,0.01097899116575718,0,0.0,0.0,0.01097899116575718,0.0
3135,1745,0.017380669713020325,0,0.0,0.0,0.017380669713020325,0.0
3135,1746,0.014452840201556683,0,0.0,0.0,0.014452840201556683,0.0
3135,1747,0.014188810251653194,0,0.0,0.0,0.014188810251653194,0.0
3135,1748,0.01767839305102825,0,0.0,0.0,0.01767839305102825,0.0
3135,1749,0.0373612605035305,0,0.0,0.0,0.0373612605035305,0.0
3135,1750,0.047545045614242554,0,0.0,0.0,0.047545045614242554,0.0
3135,1751,0.058620672672986984,0,0.0,0.0,0.058620672672986984,0.0
3135,1752,0.08466693758964539,0,0.0,0.0,0.08466693758964539,0.0
3135,1753,0.22523559629917145,0,0.0,0.0,0.22523559629917145,0.0
3135,1754,0.3420984745025635,0,0.2546440075000701,0.0,0.25498514799557015,0.0
3135,1755,0.5154426693916321,0,0.5285954792089683,0.0,0.2429820045598125,0.0
3135,1756,0.5151333212852478,0,0.6666666666666667,0.0,0.17171110709508255,0.0
3135,1757,0.6062958240509033,1,1.0,0.9002646803855896,0.0,0.0997353196144104
3135,1758,0.746016263961792,0,0.6666666666666667,0.0,0.24867208798726395,0.0
3135,1759,0.7514705657958984,1,1.0,0.9002646803855896,0.0,0.0997353196144104
3135,1760,0.7254444360733032,1,1.0,0.9002646803855896,0.0,0.0997353196144104
3135,1761,0.7191670536994934,0,0.6666666666666667,0.0,0.2397223512331644,0.0
3135,1762,0.6622028350830078,0,0.33333333333333337,0.0,0.4414685567220052,0.0
3135,1763,0.6285749077796936,0,0.057190958417936644,0.0,0.5926261063663067,0.0
3135,1764,0.589274525642395,0,0.057190958417936644,0.0,0.5555733507496314,0.0
3135,1765,0.5337494611740112,0,0.2546440075000701,0.0,0.3978333593796579,0.0
3135,1766,0.5035509467124939,0,0.33333333333333337,0.0,0.3357006311416626,0.0
3135,1767,0.5266149044036865,0,0.6666666666666667,0.0,0.17553830146789548,0.0
3135,1768,0.5709909796714783,1,1.0,0.901401698589325,0.0,0.09859830141067505
3135,1769,0.6290786266326904,0,0.6666666666666667,0.0,0.2096928755442301,0.0
3135,1770,0.6495499014854431,0,0.6666666666666667,0.0,0.216516633828481,0.0
3135,1771,0.8921062350273132,1,1.0,0.901401698589325,0.0,0.09859830141067505
3135,1772,0.6078658699989319,1,1.0,0.901401698589325,0.0,0.09859830141067505
3135,1773,0.764507532119751,0,0.6666666666666667,0.0,0.25483584403991694,0.0
3135,1774,0.4942752420902252,0,0.33333333333333337,0.0,0.32951682806015015,0.0
3135,1775,0.6207461953163147,0,0.057190958417936644,0.0,0.585245125471887,0.0
3135,1776,0.4616936445236206,0,0.0,0.0,0.4616936445236206,0.0
3135,1777,0.33724331855773926,0,0.0,0.0,0.33724331855773926,0.0
3135,1778,0.4602413475513458,0,0.0,0.0,0.4602413475513458,0.0
3135,1779,0.24180619418621063,0,0.0,0.0,0.24180619418621063,0.0
3135,1780,0.15207447111606598,0,0.0,0.0,0.15207447111606598,0.0
3135,1781,0.12751907110214233,0,0.0,0.0,0.12751907110214233,0.0
3135,1782,0.138120636343956,0,0.0,0.0,0.138120636343956,0.0
3135,1783,0.1037144586443901,0,0.0,0.0,0.1037144586443901,0.0
3135,1784,0.11717447638511658,0,0.0,0.0,0.11717447638511658,0.0
3135,1785,0.09429469704627991,0,0.0,0.0,0.09429469704627991,0.0
3135,1786,0.11923075467348099,0,0.0,0.0,0.11923075467348099,0.0
3135,1787,0.12984351813793182,0,0.0,0.0,0.12984351813793182,0.0
3135,1788,0.14278115332126617,0,0.0,0.0,0.14278115332126617,0.0
3136,1728,0.0049135214649140835,0,0.0,0.0,0.0049135214649140835,0.0
3136,1729,0.005505148787051439,0,0.0,0.0,0.005505148787051439,0.0
3136,1730,0.007079236675053835,0,0.0,0.0,0.007079236675053835,0.0
3136,1731,0.010893906466662884,0,0.0,0.0,0.010893906466662884,0.0
3136,1732,0.009827898815274239,0,0.0,0.0,0.009827898815274239,0.0
3136,1733,0.006374156568199396,0,0.0,0.0,0.006374156568199396,0.0
3136,1734,0.004800512921065092,0,0.0,0.0,0.004800512921065092,0.0
3136,1735,0.004627664107829332,0,0.0,0.0,0.004627664107829332,0.0
3136,1736,0.004786033648997545,0,0.0,0.0,0.004786033648997545,0.0
3136,1737,0.007025503553450108,0,0.0,0.0,0.007025503553450108,0.0
3136,1738,0.008082391694188118,0,0.0,0.0,0.008082391694188118,0.0
3136,1739,0.009094621054828167,0,0.0,0.0,0.009094621054828167,0.0
3136,1740,0.010177988559007645,0,0.0,0.0,0.010177988559007645,0.0
3136,1741,0.009669242426753044,0,0.0,0.0,0.009669242426753044,0.0
3136,1742,0.009103561751544476,0,0.0,0.0,0.009103561751544476,0.0
3136,1743,0.009439161978662014,0,0.0,0.0,0.009439161978662014,0.0
3136,1744,0.012677691876888275,0,0.0,0.0,0.012677691876888275,0.0
3136,1745,0.017732784152030945,0,0.0,0.0,0.017732784152030945,0.0
3136,1746,0.01783289574086666,0,0.0,0.0,0.01783289574086666,0.0
3136,1747,0.01646462455391884,0,0.0,0.0,0.01646462455391884,0.0
3136,1748,0.020505476742982864,0,0.0,0.0,0.020505476742982864,0.0
3136,1749,0.04221118241548538,0,0.0,0.0,0.04221118241548538,0.0
3136,1750,0.04652832821011543,0,0.0,0.0,0.04652832821011543,0.0
3136,1751,0.06391403079032898,0,0.0,0.0,0.06391403079032898,0.0
3136,1752,0.08851709961891174,0,0.0,0.0,0.08851709961891174,0.0
3136,1753,0.21219542622566223,0,0.057190958417936644,0.0,0.20005976642791404,0.0
3136,1754,0.5090224146842957,0,0.33333333333333337,0.0,0.3393482764561971,0.0
3136,1755,0.5257072448730469,0,0.6666666666666667,0.0,0.1752357482910156,0.0
3136,1756,0.5922940969467163,1,1.0,0.9284395575523376,0.0,0.07156044244766235
3136,1757,0.6940821409225464,0,0.6666666666666667,0.0,0.23136071364084873,0.0
3136,1758,0.8234874606132507,1,1.0,0.9284395575523376,0.0,0.07156044244766235
3136,1759,0.8673970699310303,1,1.0,0.9284395575523376,0.0,0.07156044244766235
3136,1760,0.8967015743255615,0,0.6666666666666667,0.0,0.2989005247751871,0.0
3136,1761,0.8725321292877197,0,0.5285954792089683,0.0,0.41131559028165604,0.0
3136,1762,0.8460979461669922,0,0.2546440075000701,0.0,0.6306441744174507,0.0
3136,1763,0.7359487414360046,0,0.2546440075000701,0.0,0.5485438046021075,0.0
3136,1764,0.5841905474662781,0,0.33333333333333337,0.0,0.3894603649775187,0.0
3136,1765,0.5226048827171326,0,0.5285954792089683,0.0,0.24635830430032318,0.0
3136,1766,0.44251182675361633,0,0.6666666666666667,0.0,0.14750394225120542,0.0
3136,1767,0.5420603156089783,0,0.6666666666666667,0.0,0.1806867718696594,0.0
3136,1768,0.5152584314346313,1,1.0,0.901401698589325,0.0,0.09859830141067505
3136,1769,0.49015194177627563,0,0.6666666666666667,0.0,0.16338398059209183,0.0
3136,1770,0.6038188338279724,0,0.6666666666666667,0.0,0.2012729446093241,0.0
3136,1771,0.8382768034934998,1,1.0,0.901401698589325,0.0,0.09859830141067505
3136,1772,0.4951534569263458,1,1.0,0.901401698589325,0.0,0.09859830141067505
3136,1773,0.5005483031272888,0,0.6666666666666667,0.0,0.1668494343757629,0.0
3136,1774,0.36373624205589294,0,0.5285954792089683,0.0,0.1714669088806889,0.0
3136,1775,0.33005496859550476,0,0.2546440075000701,0.0,0.24600844869703564,0.0
3136,1776,0.2807183861732483,0,0.0,0.0,0.2807183861732483,0.0
3136,1777,0.27754417061805725,0,0.0,0.0,0.27754417061805725,0.0
3136,1778,0.22847209870815277,0,0.0,0.0,0.22847209870815277,0.0
3136,1779,0.1970827877521515,0,0.0,0.0,0.1970827877521515,0.0
3136,1780,0.13483023643493652,0,0.0,0.0,0.13483023643493652,0.0
3136,1781,0.15709885954856873,0,0.0,0.0,0.15709885954856873,0.0
3136,1782,0.13017858564853668,0,0.0,0.0,0.13017858564853668,0.0
3136,1783,0.10740284621715546,0,0.0,0.0,0.10740284621715546,0.0
3136,1784,0.13939978182315826,0,0.0,0.0,0.13939978182315826,0.0
3136,1785,0.08676927536725998,0,0.0,0.0,0.08676927536725998,0.0
3136,1786,0.17318743467330933,0,0.0,0.0,0.17318743467330933,0.0
3136,1787,0.16418172419071198,0,0.0,0.0,0.16418172419071198,0.0
3136,1788,0.17532244324684143,0,0.0,0.0,0.17532244324684143,0.0
3137,1728,0.0056742047891020775,0,0.0,0.0,0.0056742047891020775,0.0
3137,1729,0.005113080609589815,0,0.0,0.0,0.005113080609589815,0.0
3137,1730,0.010420985519886017,0,0.0,0.0,0.010420985519886017,0.0
3137,1731,0.01161265280097723,0,0.0,0.0,0.01161265280097723,0.0
3137,1732,0.009667743928730488,0,0.0,0.0,0.009667743928730488,0.0
3137,1733,0.0055674598552286625,0,0.0,0.0,0.0055674598552286625,0.0
3137,1734,0.004497813992202282,0,0.0,0.0,0.004497813992202282,0.0
3137,1735,0.005288339219987392,0,0.0,0.0,0.005288339219987392,0.0
3137,1736,0.004884678870439529,0,0.0,0.0,0.004884678870439529,0.0
3137,1737,0.0067335511557757854,0,0.0,0.0,0.0067335511557757854,0.0
3137,1738,0.007033342961221933,0,0.0,0.0,0.007033342961221933,0.0
3137,1739,0.007158246356993914,0,0.0,0.0,0.007158246356993914,0.0
3137,1740,0.00848026666790247,0,0.0,0.0,0.00848026666790247,0.0
3137,1741,0.007181338034570217,0,0.0,0.0,0.007181338034570217,0.0
3137,1742,0.007438997272402048,0,0.0,0.0,0.007438997272402048,0.0
3137,1743,0.008869871497154236,0,0.0,0.0,0.008869871497154236,0.0
3137,1744,0.013125153258442879,0,0.0,0.0,0.013125153258442879,0.0
3137,1745,0.016110742464661598,0,0.0,0.0,0.016110742464661598,0.0
3137,1746,0.016335230320692062,0,0.0,0.0,0.016335230320692062,0.0
3137,1747,0.016712773591279984,0,0.0,0.0,0.016712773591279984,0.0
3137,1748,0.022511105984449387,0,0.0,0.0,0.022511105984449387,0.0
3137,1749,0.048708319664001465,0,0.0,0.0,0.048708319664001465,0.0
3137,1750,0.050857461988925934,0,0.0,0.0,0.050857461988925934,0.0
3137,1751,0.05265360325574875,0,0.0,0.0,0.05265360325574875,0.0
3137,1752,0.09044325351715088,0,0.0,0.0,0.09044325351715088,0.0
3137,1753,0.20006702840328217,0,0.2546440075000701,0.0,0.14912115852204005,0.0
3137,1754,0.550711989402771,0,0.5285954792089683,0.0,0.259608121458289,0.0
3137,1755,0.3926909565925598,0,0.6666666666666667,0.0,0.13089698553085324,0.0
3137,1756,0.6629914045333862,1,1.0,0.9284395575523376,0.0,0.07156044244766235
3137,1757,0.7952619194984436,1,1.0,0.9284395575523376,0.0,0.07156044244766235
3137,1758,0.8930525183677673,0,0.6666666666666667,0.0,0.2976841727892557,0.0
3137,1759,0.8999959826469421,1,1.0,0.9284395575523376,0.0,0.07156044244766235
3137,1760,0.8454222083091736,0,0.6666666666666667,0.0,0.2818074027697245,0.0
3137,1761,0.8004052042961121,0,0.33333333333333337,0.0,0.5336034695307413,0.0
3137,1762,0.868501603603363,0,0.33333333333333337,0.0,0.5790010690689087,0.0
3137,1763,0.860522449016571,0,0.5285954792089683,0.0,0.4056541727085817,0.0
3137,1764,0.7117871642112732,0,0.6666666666666667,0.0,0.23726238807042435,0.0
3137,1765,0.6377415060997009,0,0.6666666666666667,0.0,0.2125805020332336,0.0
3137,1766,0.49913421273231506,1,1.0,0.8703408241271973,0.0,0.12965917587280273
3137,1767,0.4763006269931793,1,1.0,0.8703408241271973,0.0,0.12965917587280273
3137,1768,0.40384408831596375,0,0.6666666666666667,0.0,0.13461469610532123,0.0
3137,1769,0.460536926984787,0,0.5285954792089683,0.0,0.21709918937183786,0.0
3137,1770,0.658211886882782,0,0.6666666666666667,0.0,0.21940396229426062,0.0
3137,1771,0.7132701277732849,1,1.0,0.901401698589325,0.0,0.09859830141067505
3137,1772,0.5200139880180359,0,0.6666666666666667,0.0,0.17333799600601194,0.0
3137,1773,0.43280190229415894,1,1.0,0.901401698589325,0.0,0.09859830141067505
3137,1774,0.295724481344223,0,0.6666666666666667,0.0,0.09857482711474098,0.0
3137,1775,0.3322044909000397,0,0.33333333333333337,0.0,0.22146966060002643,0.0
3137,1776,0.3061121702194214,0,0.0,0.0,0.3061121702194214,0.0
3137,1777,0.24238090217113495,0,0.0,0.0,0.24238090217113495,0.0
3137,1778,0.22631032764911652,0,0.0,0.0,0.22631032764911652,0.0
3137,1779,0.2051907181739807,0,0.0,0.0,0.2051907181739807,0.0
3137,1780,0.19369561970233917,0,0.0,0.0,0.19369561970233917,0.0
3137,1781,0.1907806694507599,0,0.0,0.0,0.1907806694507599,0.0
3137,1782,0.1513405442237854,0,0.0,0.0,0.1513405442237854,0.0
3137,1783,0.1209186464548111,0,0.0,0.0,0.1209186464548111,0.0
3137,1784,0.1420316845178604,0,0.0,0.0,0.1420316845178604,0.0
3137,1785,0.13539481163024902,0,0.0,0.0,0.13539481163024902,0.0
3137,1786,0.16076727211475372,0,0.0,0.0,0.16076727211475372,0.0
3137,1787,0.19865354895591736,0,0.0,0.0,0.19865354895591736,0.0
3137,1788,0.17532119154930115,0,0.0,0.0,0.17532119154930115,0.0
3138,1728,0.005583005957305431,0,0.0,0.0,0.005583005957305431,0.0
3138,1729,0.005883010104298592,0,0.0,0.0,0.005883010104298592,0.0
3138,1730,0.010993048548698425,0,0.0,0.0,0.010993048548698425,0.0
3138,1731,0.01349671371281147,0,0.0,0.0,0.01349671371281147,0.0
3138,1732,0.007796130143105984,0,0.0,0.0,0.007796130143105984,0.0
3138,1733,0.005200769752264023,0,0.0,0.0,0.005200769752264023,0.0
3138,1734,0.004225442185997963,0,0.0,0.0,0.004225442185997963,0.0
3138,1735,0.004903334658592939,0,0.0,0.0,0.004903334658592939,0.0
3138,1736,0.004826848860830069,0,0.0,0.0,0.004826848860830069,0.0
3138,1737,0.004449949134141207,0,0.0,0.0,0.004449949134141207,0.0
3138,1738,0.0065695191733539104,0,0.0,0.0,0.0065695191733539104,0.0
3138,1739,0.007274789735674858,0,0.0,0.0,0.007274789735674858,0.0
3138,1740,0.006026142742484808,0,0.0,0.0,0.006026142742484808,0.0
3138,1741,0.006198228802531958,0,0.0,0.0,0.006198228802531958,0.0
3138,1742,0.006084339693188667,0,0.0,0.0,0.006084339693188667,0.0
3138,1743,0.009940845891833305,0,0.0,0.0,0.009940845891833305,0.0
3138,1744,0.015158540569245815,0,0.0,0.0,0.015158540569245815,0.0
3138,1745,0.015548456460237503,0,0.0,0.0,0.015548456460237503,0.0
3138,1746,0.017939582467079163,0,0.0,0.0,0.017939582467079163,0.0
3138,1747,0.015748076140880585,0,0.0,0.0,0.015748076140880585,0.0
3138,1748,0.018596161156892776,0,0.0,0.0,0.018596161156892776,0.0
3138,1749,0.05105804279446602,0,0.0,0.0,0.05105804279446602,0.0
3138,1750,0.052371516823768616,0,0.0,0.0,0.052371516823768616,0.0
3138,1751,0.05192737281322479,0,0.0,0.0,0.05192737281322479,0.0
3138,1752,0.12060334533452988,0,0.0,0.0,0.12060334533452988,0.0
3138,1753,0.21750424802303314,0,0.33333333333333337,0.0,0.1450028320153554,0.0
3138,1754,0.500706136226654,0,0.6666666666666667,0.0,0.16690204540888465,0.0
3138,1755,0.43947991728782654,1,1.0,0.9284395575523376,0.0,0.07156044244766235
3138,1756,0.6881851553916931,0,0.6666666666666667,0.0,0.229395051797231,0.0
3138,1757,0.812623143196106,1,1.0,0.9284395575523376,0.0,0.07156044244766235
3138,1758,0.9002646803855896,1,1.0,0.9284395575523376,0.0,0.07156044244766235
3138,1759,0.9193480610847473,0,0.6666666666666667,0.0,0.3064493536949157,0.0
3138,1760,0.6396820545196533,0,0.5285954792089683,0.0,0.30154901236945975,0.0
3138,1761,0.6674110293388367,0,0.5285954792089683,0.0,0.31462057645612346,0.0
3138,1762,0.5886710286140442,0,0.6666666666666667,0.0,0.19622367620468134,0.0
3138,1763,0.8404524922370911,0,0.6666666666666667,0.0,0.28015083074569697,0.0
3138,1764,0.8703408241271973,1,1.0,0.8703408241271973,0.0,0.12965917587280273
3138,1765,0.81708824634552,1,1.0,0.8703408241271973,0.0,0.12965917587280273
3138,1766,0.7084227800369263,0,0.6666666666666667,0.0,0.23614092667897538,0.0
3138,1767,0.5473006367683411,1,1.0,0.8703408241271973,0.0,0.12965917587280273
3138,1768,0.5595973134040833,0,0.6666666666666667,0.0,0.18653243780136106,0.0
3138,1769,0.5538884997367859,0,0.33333333333333337,0.0,0.3692589998245239,0.0
3138,1770,0.5612958073616028,0,0.5285954792089683,0.0,0.2645973810913116,0.0
3138,1771,0.6533398628234863,0,0.6666666666666667,0.0,0.2177799542744954,0.0
3138,1772,0.32506200671195984,1,1.0,0.8921062350273132,0.0,0.10789376497268677
3138,1773,0.38942086696624756,1,1.0,0.8921062350273132,0.0,0.10789376497268677
3138,1774,0.3619811236858368,0,0.6666666666666667,0.0,0.12066037456194557,0.0
3138,1775,0.24014046788215637,0,0.33333333333333337,0.0,0.1600936452547709,0.0
3138,1776,0.27341896295547485,0,0.0,0.0,0.27341896295547485,0.0
3138,1777,0.20611457526683807,0,0.0,0.0,0.20611457526683807,0.0
3138,1778,0.2106478214263916,0,0.0,0.0,0.2106478214263916,0.0
3138,1779,0.1956060528755188,0,0.0,0.0,0.1956060528755188,0.0
3138,1780,0.19814293086528778,0,0.0,0.0,0.19814293086528778,0.0
3138,1781,0.24208100140094757,0,0.0,0.0,0.24208100140094757,0.0
3138,1782,0.1738642454147339,0,0.0,0.0,0.1738642454147339,0.0
3138,1783,0.19520938396453857,0,0.0,0.0,0.19520938396453857,0.0
3138,1784,0.16850250959396362,0,0.0,0.0,0.16850250959396362,0.0
3138,1785,0.17661112546920776,0,0.0,0.0,0.17661112546920776,0.0
3138,1786,0.19458119571208954,0,0.0,0.0,0.19458119571208954,0.0
3138,1787,0.22303685545921326,0,0.0,0.0,0.22303685545921326,0.0
3138,1788,0.200536847114563,0,0.0,0.0,0.200536847114563,0.0
3139,1728,0.0063944063149392605,0,0.0,0.0,0.0063944063149392605,0.0
3139,1729,0.01041368953883648,0,0.0,0.0,0.01041368953883648,0.0
3139,1730,0.012827517464756966,0,0.0,0.0,0.012827517464756966,0.0
3139,1731,0.010556347668170929,0,0.0,0.0,0.010556347668170929,0.0
3139,1732,0.006262633018195629,0,0.0,0.0,0.006262633018195629,0.0
3139,1733,0.004815013613551855,0,0.0,0.0,0.004815013613551855,0.0
3139,1734,0.005039036273956299,0,0.0,0.0,0.005039036273956299,0.0
3139,1735,0.0045013222843408585,0,0.0,0.0,0.0045013222843408585,0.0
3139,1736,0.0034726059529930353,0,0.0,0.0,0.0034726059529930353,0.0
3139,1737,0.0056982496753335,0,0.0,0.0,0.0056982496753335,0.0
3139,1738,0.00658979220315814,0,0.0,0.0,0.00658979220315814,0.0
3139,1739,0.006091336254030466,0,0.0,0.0,0.006091336254030466,0.0
3139,1740,0.005090327933430672,0,0.0,0.0,0.005090327933430672,0.0
3139,1741,0.007380791939795017,0,0.0,0.0,0.007380791939795017,0.0
3139,1742,0.007278128992766142,0,0.0,0.0,0.007278128992766142,0.0
3139,1743,0.01170427817851305,0,0.0,0.0,0.01170427817851305,0.0
3139,1744,0.014526856131851673,0,0.0,0.0,0.014526856131851673,0.0
3139,1745,0.012961932457983494,0,0.0,0.0,0.012961932457983494,0.0
3139,1746,0.015680937096476555,0,0.0,0.0,0.015680937096476555,0.0
3139,1747,0.01791113056242466,0,0.0,0.0,0.01791113056242466,0.0
3139,1748,0.034096550196409225,0,0.0,0.0,0.034096550196409225,0.0
3139,1749,0.05467494577169418,0,0.0,0.0,0.05467494577169418,0.0
3139,1750,0.04778769612312317,0,0.0,0.0,0.04778769612312317,0.0
3139,1751,0.07027484476566315,0,0.0,0.0,0.07027484476566315,0.0
3139,1752,0.19138386845588684,0,0.0,0.0,0.19138386845588684,0.0
3139,1753,0.25640371441841125,0,0.33333333333333337,0.0,0.17093580961227417,0.0
3139,1754,0.3803223669528961,0,0.6666666666666667,0.0,0.12677412231763202,0.0
3139,1755,0.44280949234962463,1,1.0,0.9284395575523376,0.0,0.07156044244766235
3139,1756,0.673981249332428,1,1.0,0.9284395575523376,0.0,0.07156044244766235
3139,1757,0.8188996911048889,0,0.6666666666666667,0.0,0.2729665637016296,0.0
3139,1758,0.9284395575523376,1,1.0,0.9284395575523376,0.0,0.07156044244766235
3139,1759,0.9219355583190918,0,0.6666666666666667,0.0,0.3073118527730305,0.0
3139,1760,0.5976800918579102,0,0.33333333333333337,0.0,0.39845339457194007,0.0
3139,1761,0.6823815107345581,0,0.6666666666666667,0.0,0.22746050357818598,0.0
3139,1762,0.7081866264343262,1,1.0,0.8999959826469421,0.0,0.10000401735305786
3139,1763,0.609428346157074,1,1.0,0.8703408241271973,0.0,0.12965917587280273
3139,1764,0.6822076439857483,0,0.6666666666666667,0.0,0.2274025479952494,0.0
3139,1765,0.6800518035888672,0,0.6666666666666667,0.0,0.22668393452962235,0.0
3139,1766,0.688569962978363,1,1.0,0.8703408241271973,0.0,0.12965917587280273
3139,1767,0.6392160654067993,0,0.6666666666666667,0.0,0.2130720218022664,0.0
3139,1768,0.4918290078639984,0,0.5285954792089683,0.0,0.2318504177632567,0.0
3139,1769,0.5561463832855225,0,0.2546440075000701,0.0,0.414527039489027,0.0
3139,1770,0.42788487672805786,0,0.33333333333333337,0.0,0.2852565844853719,0.0
3139,1771,0.5955058336257935,0,0.6666666666666667,0.0,0.1985019445419311,0.0
3139,1772,0.5326220989227295,1,1.0,0.8382768034934998,0.0,0.16172319650650024
3139,1773,0.4405422508716583,1,1.0,0.8382768034934998,0.0,0.16172319650650024
3139,1774,0.3886813521385193,0,0.6666666666666667,0.0,0.12956045071283973,0.0
3139,1775,0.33528733253479004,0,0.33333333333333337,0.0,0.22352488835652667,0.0
3139,1776,0.2167883664369583,0,0.057190958417936644,0.0,0.20439003198656983,0.0
3139,1777,0.1561560481786728,0,0.0,0.0,0.1561560481786728,0.0
3139,1778,0.14732268452644348,0,0.0,0.0,0.14732268452644348,0.0
3139,1779,0.18126730620861053,0,0.0,0.0,0.18126730620861053,0.0
3139,1780,0.17607922852039337,0,0.0,0.0,0.17607922852039337,0.0
3139,1781,0.18163810670375824,0,0.0,0.0,0.18163810670375824,0.0
3139,1782,0.18513013422489166,0,0.0,0.0,0.18513013422489166,0.0
3139,1783,0.17320354282855988,0,0.0,0.0,0.17320354282855988,0.0
3139,1784,0.14115343987941742,0,0.0,0.0,0.14115343987941742,0.0
3139,1785,0.14355804026126862,0,0.0,0.0,0.14355804026126862,0.0
3139,1786,0.16145756840705872,0,0.0,0.0,0.16145756840705872,0.0
3139,1787,0.17573529481887817,0,0.0,0.0,0.17573529481887817,0.0
3139,1788,0.12104928493499756,0,0.0,0.0,0.12104928493499756,0.0
3140,1728,0.007276143413037062,0,0.0,0.0,0.007276143413037062,0.0
3140,1729,0.011507927440106869,0,0.0,0.0,0.011507927440106869,0.0
3140,1730,0.013718008995056152,0,0.0,0.0,0.013718008995056152,0.0
3140,1731,0.010612054727971554,0,0.0,0.0,0.010612054727971554,0.0
3140,1732,0.00512132840231061,0,0.0,0.0,0.00512132840231061,0.0
3140,1733,0.004928360693156719,0,0.0,0.0,0.004928360693156719,0.0
3140,1734,0.004879860207438469,0,0.0,0.0,0.004879860207438469,0.0
3140,1735,0.004644415341317654,0,0.0,0.0,0.004644415341317654,0.0
3140,1736,0.005388546269387007,0,0.0,0.0,0.005388546269387007,0.0
3140,1737,0.006050335709005594,0,0.0,0.0,0.006050335709005594,0.0
3140,1738,0.005794970318675041,0,0.0,0.0,0.005794970318675041,0.0
3140,1739,0.004823209717869759,0,0.0,0.0,0.004823209717869759,0.0
3140,1740,0.0053462078794837,0,0.0,0.0,0.0053462078794837,0.0
3140,1741,0.0064005013555288315,0,0.0,0.0,0.0064005013555288315,0.0
3140,1742,0.008510978892445564,0,0.0,0.0,0.008510978892445564,0.0
3140,1743,0.014740563929080963,0,0.0,0.0,0.014740563929080963,0.0
3140,1744,0.016269873827695847,0,0.0,0.0,0.016269873827695847,0.0
3140,1745,0.014486972242593765,0,0.0,0.0,0.014486972242593765,0.0
3140,1746,0.016874713823199272,0,0.0,0.0,0.016874713823199272,0.0
3140,1747,0.02580440230667591,0,0.0,0.0,0.02580440230667591,0.0
3140,1748,0.048826225101947784,0,0.0,0.0,0.048826225101947784,0.0
3140,1749,0.055661641061306,0,0.0,0.0,0.055661641061306,0.0
3140,1750,0.03890463709831238,0,0.0,0.0,0.03890463709831238,0.0
3140,1751,0.09303686022758484,0,0.0,0.0,0.09303686022758484,0.0
3140,1752,0.18218936026096344,0,0.0,0.0,0.18218936026096344,0.0
3140,1753,0.2870121896266937,0,0.33333333333333337,0.0,0.19134145975112915,0.0
3140,1754,0.42163896560668945,0,0.6666666666666667,0.0,0.14054632186889646,0.0
3140,1755,0.3864128291606903,1,1.0,0.9284395575523376,0.0,0.07156044244766235
3140,1756,0.6752552390098572,0,0.6666666666666667,0.0,0.22508507966995234,0.0
3140,1757,0.8923298716545105,1,1.0,0.9284395575523376,0.0,0.07156044244766235
3140,1758,0.9343619346618652,0,0.6666666666666667,0.0,0.31145397822062165,0.0
3140,1759,0.756369948387146,0,0.5285954792089683,0.0,0.3565562130601799,0.0
3140,1760,0.7991910576820374,0,0.2546440075000701,0.0,0.5956818439956637,0.0
3140,1761,0.8225371837615967,0,0.5285954792089683,0.0,0.38774774694394026,0.0
3140,1762,0.6699155569076538,0,0.6666666666666667,0.0,0.22330518563588456,0.0
3140,1763,0.6272541880607605,0,0.6666666666666667,0.0,0.2090847293535868,0.0
3140,1764,0.6144564747810364,0,0.5285954792089683,0.0,0.2896575600411011,0.0
3140,1765,0.6665207743644714,0,0.6666666666666667,0.0,0.22217359145482377,0.0
3140,1766,0.6403456330299377,1,1.0,0.8703408241271973,0.0,0.12965917587280273
3140,1767,0.5614156723022461,0,0.6666666666666667,0.0,0.187138557434082,0.0
3140,1768,0.6126442551612854,0,0.33333333333333337,0.0,0.40842950344085693,0.0
3140,1769,0.4956750273704529,0,0.2546440075000701,0.0,0.3694543519831338,0.0
3140,1770,0.36359459161758423,0,0.5285954792089683,0.0,0.17140013422369815,0.0
3140,1771,0.48735541105270386,0,0.6666666666666667,0.0,0.1624518036842346,0.0
3140,1772,0.48383256793022156,1,1.0,0.7132701277732849,0.0,0.2867298722267151
3140,1773,0.4881340563297272,1,1.0,0.7132701277732849,0.0,0.2867298722267151
3140,1774,0.34384265542030334,0,0.6666666666666667,0.0,0.11461421847343442,0.0
3140,1775,0.237400621175766,0,0.5285954792089683,0.0,0.11191172606085521,0.0
3140,1776,0.1844502091407776,0,0.2546440075000701,0.0,0.13748106870094393,0.0
3140,1777,0.17772378027439117,0,0.0,0.0,0.17772378027439117,0.0
3140,1778,0.16237644851207733,0,0.0,0.0,0.16237644851207733,0.0
3140,1779,0.13802026212215424,0,0.0,0.0,0.13802026212215424,0.0
3140,1780,0.14560040831565857,0,0.0,0.0,0.14560040831565857,0.0
3140,1781,0.1616964489221573,0,0.0,0.0,0.1616964489221573,0.0
3140,1782,0.14265479147434235,0,0.0,0.0,0.14265479147434235,0.0
3140,1783,0.13444019854068756,0,0.0,0.0,0.13444019854068756,0.0
3140,1784,0.14123494923114777,0,0.0,0.0,0.14123494923114777,0.0
3140,1785,0.13207519054412842,0,0.0,0.0,0.13207519054412842,0.0
3140,1786,0.14680074155330658,0,0.0,0.0,0.14680074155330658,0.0
3140,1787,0.12457741796970367,0,0.0,0.0,0.12457741796970367,0.0
3140,1788,0.15974409878253937,0,0.0,0.0,0.15974409878253937,0.0
3141,1728,0.007437483407557011,0,0.0,0.0,0.007437483407557011,0.0
3141,1729,0.01277006883174181,0,0.0,0.0,0.01277006883174181,0.0
3141,1730,0.013474970124661922,0,0.0,0.0,0.013474970124661922,0.0
3141,1731,0.008323361165821552,0,0.0,0.0,0.008323361165821552,0.0
3141,1732,0.004502956289798021,0,0.0,0.0,0.004502956289798021,0.0
3141,1733,0.004961660597473383,0,0.0,0.0,0.004961660597473383,0.0
3141,1734,0.004684928338974714,0,0.0,0.0,0.004684928338974714,0.0
3141,1735,0.0048070126213133335,0,0.0,0.0,0.0048070126213133335,0.0
3141,1736,0.0053611635230481625,0,0.0,0.0,0.0053611635230481625,0.0
3141,1737,0.0055376458913087845,0,0.0,0.0,0.0055376458913087845,0.0
3141,1738,0.004973622504621744,0,0.0,0.0,0.004973622504621744,0.0
3141,1739,0.0045385598205029964,0,0.0,0.0,0.0045385598205029964,0.0
3141,1740,0.004949420224875212,0,0.0,0.0,0.004949420224875212,0.0
3141,1741,0.005360641982406378,0,0.0,0.0,0.005360641982406378,0.0
3141,1742,0.007906751707196236,0,0.0,0.0,0.007906751707196236,0.0
3141,1743,0.011115259490907192,0,0.0,0.0,0.011115259490907192,0.0
3141,1744,0.01413869857788086,0,0.0,0.0,0.01413869857788086,0.0
3141,1745,0.01597004570066929,0,0.0,0.0,0.01597004570066929,0.0
3141,1746,0.01836635172367096,0,0.0,0.0,0.01836635172367096,0.0
3141,1747,0.04423972964286804,0,0.0,0.0,0.04423972964286804,0.0
3141,1748,0.0502154678106308,0,0.0,0.0,0.0502154678106308,0.0
3141,1749,0.03919246047735214,0,0.0,0.0,0.03919246047735214,0.0
3141,1750,0.057073526084423065,0,0.0,0.0,0.057073526084423065,0.0
3141,1751,0.14391495287418365,0,0.0,0.0,0.14391495287418365,0.0
3141,1752,0.10144653171300888,0,0.0,0.0,0.10144653171300888,0.0
3141,1753,0.2718248963356018,0,0.33333333333333337,0.0,0.18121659755706787,0.0
3141,1754,0.4558214247226715,0,0.6666666666666667,0.0,0.15194047490755713,0.0
3141,1755,0.4321255683898926,1,1.0,0.9284395575523376,0.0,0.07156044244766235
3141,1756,0.6764767169952393,0,0.6666666666666667,0.0,0.22549223899841303,0.0
3141,1757,0.9035694003105164,1,1.0,0.9284395575523376,0.0,0.07156044244766235
3141,1758,0.898264467716217,0,0.6666666666666667,0.0,0.29942148923873896,0.0
3141,1759,0.7176966667175293,0,0.33333333333333337,0.0,0.47846444447835285,0.0
3141,1760,0.8041170239448547,0,0.057190958417936644,0.0,0.7581288006652696,0.0
3141,1761,0.7177542448043823,0,0.2546440075000701,0.0,0.534982427507208,0.0
3141,1762,0.5850846767425537,0,0.33333333333333337,0.0,0.39005645116170246,0.0
3141,1763,0.4348200559616089,0,0.33333333333333337,0.0,0.28988003730773926,0.0
3141,1764,0.29937684535980225,0,0.33333333333333337,0.0,0.19958456357320148,0.0
3141,1765,0.44576480984687805,0,0.6666666666666667,0.0,0.14858826994895932,0.0
3141,1766,0.5160464644432068,1,1.0,0.8703408241271973,0.0,0.12965917587280273
3141,1767,0.4821065664291382,0,0.6666666666666667,0.0,0.16070218880971268,0.0
3141,1768,0.5855075716972351,0,0.33333333333333337,0.0,0.39033838113149005,0.0
3141,1769,0.4663609266281128,0,0.33333333333333337,0.0,0.3109072844187418,0.0
3141,1770,0.5094720125198364,0,0.6666666666666667,0.0,0.16982400417327878,0.0
3141,1771,0.49513137340545654,1,1.0,0.5776892304420471,0.0,0.4223107695579529
3141,1772,0.4760269224643707,0,0.6666666666666667,0.0,0.15867564082145688,0.0
3141,1773,0.4856938123703003,0,0.6666666666666667,0.0,0.16189793745676673,0.0
3141,1774,0.4366380572319031,1,1.0,0.5776892304420471,0.0,0.4223107695579529
3141,1775,0.25582054257392883,0,0.6666666666666667,0.0,0.08527351419130959,0.0
3141,1776,0.16721953451633453,0,0.33333333333333337,0.0,0.11147968967755635,0.0
3141,1777,0.20993874967098236,0,0.0,0.0,0.20993874967098236,0.0
3141,1778,0.19058319926261902,0,0.0,0.0,0.19058319926261902,0.0
3141,1779,0.1375461369752884,0,0.0,0.0,0.1375461369752884,0.0
3141,1780,0.14917802810668945,0,0.0,0.0,0.14917802810668945,0.0
3141,1781,0.13327322900295258,0,0.0,0.0,0.13327322900295258,0.0
3141,1782,0.12061284482479095,0,0.0,0.0,0.12061284482479095,0.0
3141,1783,0.11610554158687592,0,0.0,0.0,0.11610554158687592,0.0
3141,1784,0.10544989258050919,0,0.0,0.0,0.10544989258050919,0.0
3141,1785,0.1000341847538948,0,0.0,0.0,0.1000341847538948,0.0
3141,1786,0.13462966680526733,0,0.0,0.0,0.13462966680526733,0.0
3141,1787,0.17138977348804474,0,0.0,0.0,0.17138977348804474,0.0
3141,1788,0.16702139377593994,0,0.0,0.0,0.16702139377593994,0.0
3142,1728,0.007708562072366476,0,0.0,0.0,0.007708562072366476,0.0
3142,1729,0.014066304080188274,0,0.0,0.0,0.014066304080188274,0.0
3142,1730,0.012661383487284184,0,0.0,0.0,0.012661383487284184,0.0
3142,1731,0.007685821503400803,0,0.0,0.0,0.007685821503400803,0.0
3142,1732,0.006463588681071997,0,0.0,0.0,0.006463588681071997,0.0
3142,1733,0.004124364349991083,0,0.0,0.0,0.004124364349991083,0.0
3142,1734,0.0047212387435138226,0,0.0,0.0,0.0047212387435138226,0.0
3142,1735,0.00482920790091157,0,0.0,0.0,0.00482920790091157,0.0
3142,1736,0.006043572910130024,0,0.0,0.0,0.006043572910130024,0.0
3142,1737,0.006250283680856228,0,0.0,0.0,0.006250283680856228,0.0
3142,1738,0.00507428077980876,0,0.0,0.0,0.00507428077980876,0.0
3142,1739,0.005245944485068321,0,0.0,0.0,0.005245944485068321,0.0
3142,1740,0.004639765713363886,0,0.0,0.0,0.004639765713363886,0.0
3142,1741,0.004972334019839764,0,0.0,0.0,0.004972334019839764,0.0
3142,1742,0.008461188524961472,0,0.0,0.0,0.008461188524961472,0.0
3142,1743,0.00971533078700304,0,0.0,0.0,0.00971533078700304,0.0
3142,1744,0.013544556684792042,0,0.0,0.0,0.013544556684792042,0.0
3142,1745,0.012603572569787502,0,0.0,0.0,0.012603572569787502,0.0
3142,1746,0.029930537566542625,0,0.0,0.0,0.029930537566542625,0.0
3142,1747,0.04598815366625786,0,0.0,0.0,0.04598815366625786,0.0
3142,1748,0.043230168521404266,0,0.0,0.0,0.043230168521404266,0.0
3142,1749,0.049534548074007034,0,0.0,0.0,0.049534548074007034,0.0
3142,1750,0.09956303238868713,0,0.0,0.0,0.09956303238868713,0.0
3142,1751,0.11308137327432632,0,0.0,0.0,0.11308137327432632,0.0
3142,1752,0.12527108192443848,0,0.0,0.0,0.12527108192443848,0.0
3142,1753,0.33388736844062805,0,0.33333333333333337,0.0,0.2225915789604187,0.0
3142,1754,0.5470984578132629,0,0.6666666666666667,0.0,0.18236615260442093,0.0
3142,1755,0.5393299460411072,1,1.0,0.9284395575523376,0.0,0.07156044244766235
3142,1756,0.7334733009338379,0,0.6666666666666667,0.0,0.24449110031127924,0.0
3142,1757,0.9135066270828247,1,1.0,0.9284395575523376,0.0,0.07156044244766235
3142,1758,0.9163922667503357,0,0.6666666666666667,0.0,0.3054640889167785,0.0
3142,1759,0.7655196785926819,0,0.5285954792089683,0.0,0.3608694372430878,0.0
3142,1760,0.6700608134269714,0,0.2546440075000701,0.0,0.49943384262717067,0.0
3142,1761,0.6356108784675598,0,0.0,0.0,0.6356108784675598,0.0
3142,1762,0.4564644694328308,0,0.0,0.0,0.4564644694328308,0.0
3142,1763,0.519858181476593,0,0.0,0.0,0.519858181476593,0.0
3142,1764,0.5180709362030029,0,0.33333333333333337,0.0,0.34538062413533527,0.0
3142,1765,0.43257415294647217,0,0.6666666666666667,0.0,0.1441913843154907,0.0
3142,1766,0.45261237025260925,1,1.0,0.7216760516166687,0.0,0.2783239483833313
3142,1767,0.53108149766922,0,0.6666666666666667,0.0,0.17702716588973996,0.0
3142,1768,0.643265426158905,0,0.33333333333333337,0.0,0.42884361743927,0.0
3142,1769,0.43439409136772156,0,0.5285954792089683,0.0,0.2047753384756564,0.0
3142,1770,0.5041185617446899,0,0.6666666666666667,0.0,0.16803952058156327,0.0
3142,1771,0.5776892304420471,1,1.0,0.5776892304420471,0.0,0.4223107695579529
3142,1772,0.49359163641929626,0,0.6666666666666667,0.0,0.16453054547309873,0.0
3142,1773,0.5295693874359131,0,0.6666666666666667,0.0,0.17652312914530432,0.0
3142,1774,0.42567679286003113,1,1.0,0.5776892304420471,0.0,0.4223107695579529
3142,1775,0.25581297278404236,0,0.6666666666666667,0.0,0.0852709909280141,0.0
3142,1776,0.261771023273468,0,0.33333333333333337,0.0,0.17451401551564533,0.0
3142,1777,0.23680764436721802,0,0.0,0.0,0.23680764436721802,0.0
3142,1778,0.14268358051776886,0,0.0,0.0,0.14268358051776886,0.0
3142,1779,0.1286037266254425,0,0.0,0.0,0.1286037266254425,0.0
3142,1780,0.14676950871944427,0,0.0,0.0,0.14676950871944427,0.0
3142,1781,0.1440078467130661,0,0.0,0.0,0.1440078467130661,0.0
3142,1782,0.13940230011940002,0,0.0,0.0,0.13940230011940002,0.0
3142,1783,0.08940800279378891,0,0.0,0.0,0.08940800279378891,0.0
3142,1784,0.14220210909843445,0,0.0,0.0,0.14220210909843445,0.0
3142,1785,0.09345609694719315,0,0.0,0.0,0.09345609694719315,0.0
3142,1786,0.15101051330566406,0,0.0,0.0,0.15101051330566406,0.0
3142,1787,0.16320739686489105,0,0.0,0.0,0.16320739686489105,0.0
3142,1788,0.16542793810367584,0,0.0,0.0,0.16542793810367584,0.0
3143,1728,0.011086450889706612,0,0.0,0.0,0.011086450889706612,0.0
3143,1729,0.01405015867203474,0,0.0,0.0,0.01405015867203474,0.0
3143,1730,0.012126423418521881,0,0.0,0.0,0.012126423418521881,0.0
3143,1731,0.008290308527648449,0,0.0,0.0,0.008290308527648449,0.0
3143,1732,0.004477703012526035,0,0.0,0.0,0.004477703012526035,0.0
3143,1733,0.004706947132945061,0,0.0,0.0,0.004706947132945061,0.0
3143,1734,0.005781376734375954,0,0.0,0.0,0.005781376734375954,0.0
3143,1735,0.005239082965999842,0,0.0,0.0,0.005239082965999842,0.0
3143,1736,0.006300108041614294,0,0.0,0.0,0.006300108041614294,0.0
3143,1737,0.005968164652585983,0,0.0,0.0,0.005968164652585983,0.0
3143,1738,0.0045713703148067,0,0.0,0.0,0.0045713703148067,0.0
3143,1739,0.003730411408469081,0,0.0,0.0,0.003730411408469081,0.0
3143,1740,0.004228141158819199,0,0.0,0.0,0.004228141158819199,0.0
3143,1741,0.006164721213281155,0,0.0,0.0,0.006164721213281155,0.0
3143,1742,0.008915862068533897,0,0.0,0.0,0.008915862068533897,0.0
3143,1743,0.01031205989420414,0,0.0,0.0,0.01031205989420414,0.0
3143,1744,0.010418009012937546,0,0.0,0.0,0.010418009012937546,0.0
3143,1745,0.013335968367755413,0,0.0,0.0,0.013335968367755413,0.0
3143,1746,0.03945918381214142,0,0.0,0.0,0.03945918381214142,0.0
3143,1747,0.042670466005802155,0,0.0,0.0,0.042670466005802155,0.0
3143,1748,0.0466897077858448,0,0.0,0.0,0.0466897077858448,0.0
3143,1749,0.06485223025083542,0,0.0,0.0,0.06485223025083542,0.0
3143,1750,0.08892641961574554,0,0.0,0.0,0.08892641961574554,0.0
3143,1751,0.09026768058538437,0,0.0,0.0,0.09026768058538437,0.0
3143,1752,0.1313125044107437,0,0.0,0.0,0.1313125044107437,0.0
3143,1753,0.31166914105415344,0,0.33333333333333337,0.0,0.2077794273694356,0.0
3143,1754,0.5764639377593994,0,0.6666666666666667,0.0,0.19215464591979975,0.0
3143,1755,0.647581934928894,1,1.0,0.9135066270828247,0.0,0.08649337291717529
3143,1756,0.7042958736419678,0,0.6666666666666667,0.0,0.2347652912139892,0.0
3143,1757,0.8812599778175354,0,0.6666666666666667,0.0,0.2937533259391784,0.0
3143,1758,0.8136122226715088,1,1.0,0.9135066270828247,0.0,0.08649337291717529
3143,1759,0.7191768884658813,0,0.6666666666666667,0.0,0.23972562948862705,0.0
3143,1760,0.6960153579711914,0,0.33333333333333337,0.0,0.46401023864746094,0.0
3143,1761,0.5688286423683167,0,0.0,0.0,0.5688286423683167,0.0
3143,1762,0.47921431064605713,0,0.0,0.0,0.47921431064605713,0.0
3143,1763,0.4671920835971832,0,0.0,0.0,0.4671920835971832,0.0
3143,1764,0.38282889127731323,0,0.33333333333333337,0.0,0.2552192608515421,0.0
3143,1765,0.4533398449420929,0,0.6666666666666667,0.0,0.15111328164736426,0.0
3143,1766,0.5931535363197327,1,1.0,0.7216760516166687,0.0,0.2783239483833313
3143,1767,0.6325346827507019,0,0.6666666666666667,0.0,0.21084489425023392,0.0
3143,1768,0.5850136876106262,0,0.33333333333333337,0.0,0.3900091250737508,0.0
3143,1769,0.5077045559883118,0,0.6666666666666667,0.0,0.16923485199610389,0.0
3143,1770,0.5042124390602112,1,1.0,0.5776892304420471,0.0,0.4223107695579529
3143,1771,0.48495858907699585,0,0.6666666666666667,0.0,0.16165286302566526,0.0
3143,1772,0.5217699408531189,0,0.5285954792089683,0.0,0.24596470893102945,0.0
3143,1773,0.47181668877601624,0,0.6666666666666667,0.0,0.15727222959200537,0.0
3143,1774,0.4806253910064697,1,1.0,0.5776892304420471,0.0,0.4223107695579529
3143,1775,0.4062749147415161,0,0.6666666666666667,0.0,0.13542497158050534,0.0
3143,1776,0.31830716133117676,0,0.33333333333333337,0.0,0.2122047742207845,0.0
3143,1777,0.2915942668914795,0,0.0,0.0,0.2915942668914795,0.0
3143,1778,0.11806128919124603,0,0.0,0.0,0.11806128919124603,0.0
3143,1779,0.16051198542118073,0,0.0,0.0,0.16051198542118073,0.0
3143,1780,0.12629882991313934,0,0.0,0.0,0.12629882991313934,0.0
3143,1781,0.17939619719982147,0,0.0,0.0,0.17939619719982147,0.0
3143,1782,0.1416965276002884,0,0.0,0.0,0.1416965276002884,0.0
3143,1783,0.14916172623634338,0,0.0,0.0,0.14916172623634338,0.0
3143,1784,0.13522374629974365,0,0.0,0.0,0.13522374629974365,0.0
3143,1785,0.10606379806995392,0,0.0,0.0,0.10606379806995392,0.0
3143,1786,0.15025508403778076,0,0.0,0.0,0.15025508403778076,0.0
3143,1787,0.1678783893585205,0,0.0,0.0,0.1678783893585205,0.0
3143,1788,0.17928767204284668,0,0.0,0.0,0.17928767204284668,0.0
3144,1728,0.012119113467633724,0,0.0,0.0,0.012119113467633724,0.0
3144,1729,0.011615104973316193,0,0.0,0.0,0.011615104973316193,0.0
3144,1730,0.00919360015541315,0,0.0,0.0,0.00919360015541315,0.0
3144,1731,0.006225097458809614,0,0.0,0.0,0.006225097458809614,0.0
3144,1732,0.005231257062405348,0,0.0,0.0,0.005231257062405348,0.0
3144,1733,0.005774026736617088,0,0.0,0.0,0.005774026736617088,0.0
3144,1734,0.0063564106822013855,0,0.0,0.0,0.0063564106822013855,0.0
3144,1735,0.005787556525319815,0,0.0,0.0,0.005787556525319815,0.0
3144,1736,0.006803297903388739,0,0.0,0.0,0.006803297903388739,0.0
3144,1737,0.005299628246575594,0,0.0,0.0,0.005299628246575594,0.0
3144,1738,0.005349083803594112,0,0.0,0.0,0.005349083803594112,0.0
3144,1739,0.0042920527048408985,0,0.0,0.0,0.0042920527048408985,0.0
3144,1740,0.006595710292458534,0,0.0,0.0,0.006595710292458534,0.0
3144,1741,0.0077402046881616116,0,0.0,0.0,0.0077402046881616116,0.0
3144,1742,0.00921239797025919,0,0.0,0.0,0.00921239797025919,0.0
3144,1743,0.010038397274911404,0,0.0,0.0,0.010038397274911404,0.0
3144,1744,0.009960840456187725,0,0.0,0.0,0.009960840456187725,0.0
3144,1745,0.017277047038078308,0,0.0,0.0,0.017277047038078308,0.0
3144,1746,0.03690500557422638,0,0.0,0.0,0.03690500557422638,0.0
3144,1747,0.03180477023124695,0,0.0,0.0,0.03180477023124695,0.0
3144,1748,0.03103805147111416,0,0.0,0.0,0.03103805147111416,0.0
3144,1749,0.07139701396226883,0,0.0,0.0,0.07139701396226883,0.0
3144,1750,0.07124794274568558,0,0.0,0.0,0.07124794274568558,0.0
3144,1751,0.08739843219518661,0,0.0,0.0,0.08739843219518661,0.0
3144,1752,0.09699922800064087,0,0.0,0.0,0.09699922800064087,0.0
3144,1753,0.15648049116134644,0,0.2546440075000701,0.0,0.11663367179644188,0.0
3144,1754,0.4874328076839447,0,0.5285954792089683,0.0,0.22977802912407705,0.0
3144,1755,0.6404229402542114,0,0.6666666666666667,0.0,0.21347431341807044,0.0
3144,1756,0.6574593186378479,1,1.0,0.9135066270828247,0.0,0.08649337291717529
3144,1757,0.8362749218940735,0,0.6666666666666667,0.0,0.2787583072980244,0.0
3144,1758,0.7942013144493103,1,1.0,0.9135066270828247,0.0,0.08649337291717529
3144,1759,0.6731133460998535,0,0.6666666666666667,0.0,0.2243711153666178,0.0
3144,1760,0.6622827053070068,0,0.33333333333333337,0.0,0.4415218035380045,0.0
3144,1761,0.6449123620986938,0,0.0,0.0,0.6449123620986938,0.0
3144,1762,0.5978159308433533,0,0.0,0.0,0.5978159308433533,0.0
3144,1763,0.4920124113559723,0,0.0,0.0,0.4920124113559723,0.0
3144,1764,0.526302695274353,0,0.33333333333333337,0.0,0.35086846351623535,0.0
3144,1765,0.5754364132881165,0,0.6666666666666667,0.0,0.19181213776270545,0.0
3144,1766,0.7216760516166687,1,1.0,0.7216760516166687,0.0,0.2783239483833313
3144,1767,0.6158531308174133,0,0.6666666666666667,0.0,0.20528437693913773,0.0
3144,1768,0.5607688426971436,0,0.33333333333333337,0.0,0.373845895131429,0.0
3144,1769,0.5613806247711182,0,0.6666666666666667,0.0,0.18712687492370603,0.0
3144,1770,0.3970789611339569,1,1.0,0.5776892304420471,0.0,0.4223107695579529
3144,1771,0.5437718033790588,0,0.6666666666666667,0.0,0.18125726779301957,0.0
3144,1772,0.4856884777545929,0,0.33333333333333337,0.0,0.3237923185030619,0.0
3144,1773,0.49500182271003723,0,0.6666666666666667,0.0,0.16500060757001236,0.0
3144,1774,0.473551869392395,1,1.0,0.5776892304420471,0.0,0.4223107695579529
3144,1775,0.39768171310424805,0,0.6666666666666667,0.0,0.13256057103474933,0.0
3144,1776,0.2546026408672333,0,0.33333333333333337,0.0,0.16973509391148883,0.0
3144,1777,0.2624870240688324,0,0.0,0.0,0.2624870240688324,0.0
3144,1778,0.11828824877738953,0,0.0,0.0,0.11828824877738953,0.0
3144,1779,0.13927015662193298,0,0.0,0.0,0.13927015662193298,0.0
3144,1780,0.11824914813041687,0,0.0,0.0,0.11824914813041687,0.0
3144,1781,0.19092369079589844,0,0.0,0.0,0.19092369079589844,0.0
3144,1782,0.16061539947986603,0,0.0,0.0,0.16061539947986603,0.0
3144,1783,0.15246951580047607,0,0.0,0.0,0.15246951580047607,0.0
3144,1784,0.13482511043548584,0,0.0,0.0,0.13482511043548584,0.0
3144,1785,0.12741295993328094,0,0.0,0.0,0.12741295993328094,0.0
3144,1786,0.15939782559871674,0,0.0,0.0,0.15939782559871674,0.0
3144,1787,0.1660483181476593,0,0.0,0.0,0.1660483181476593,0.0
3144,1788,0.11688236147165298,0,0.0,0.0,0.11688236147165298,0.0
3145,1728,0.0096184853464365,0,0.0,0.0,0.0096184853464365,0.0
3145,1729,0.01019305270165205,0,0.0,0.0,0.01019305270165205,0.0
3145,1730,0.006142544560134411,0,0.0,0.0,0.006142544560134411,0.0
3145,1731,0.0065046316012740135,0,0.0,0.0,0.0065046316012740135,0.0
3145,1732,0.005650767590850592,0,0.0,0.0,0.005650767590850592,0.0
3145,1733,0.0062156678177416325,0,0.0,0.0,0.0062156678177416325,0.0
3145,1734,0.00598065136000514,0,0.0,0.0,0.00598065136000514,0.0
3145,1735,0.006302798632532358,0,0.0,0.0,0.006302798632532358,0.0
3145,1736,0.006383560597896576,0,0.0,0.0,0.006383560597896576,0.0
3145,1737,0.006305356975644827,0,0.0,0.0,0.006305356975644827,0.0
3145,1738,0.005964022129774094,0,0.0,0.0,0.005964022129774094,0.0
3145,1739,0.006576686166226864,0,0.0,0.0,0.006576686166226864,0.0
3145,1740,0.009877145290374756,0,0.0,0.0,0.009877145290374756,0.0
3145,1741,0.008533339947462082,0,0.0,0.0,0.008533339947462082,0.0
3145,1742,0.010241318494081497,0,0.0,0.0,0.010241318494081497,0.0
3145,1743,0.010791705921292305,0,0.0,0.0,0.010791705921292305,0.0
3145,1744,0.009964291006326675,0,0.0,0.0,0.009964291006326675,0.0
3145,1745,0.02903388999402523,0,0.0,0.0,0.02903388999402523,0.0
3145,1746,0.03904128074645996,0,0.0,0.0,0.03904128074645996,0.0
3145,1747,0.021962903439998627,0,0.0,0.0,0.021962903439998627,0.0
3145,1748,0.02793603017926216,0,0.0,0.0,0.02793603017926216,0.0
3145,1749,0.0782393366098404,0,0.0,0.0,0.0782393366098404,0.0
3145,1750,0.09846058487892151,0,0.0,0.0,0.09846058487892151,0.0
3145,1751,0.12151223421096802,0,0.0,0.0,0.12151223421096802,0.0
3145,1752,0.15236902236938477,0,0.0,0.0,0.15236902236938477,0.0
3145,1753,0.1631041169166565,0,0.057190958417936644,0.0,0.15377603614828173,0.0
3145,1754,0.35893434286117554,0,0.2546440075000701,0.0,0.26753386336560164,0.0
3145,1755,0.6341001391410828,0,0.5285954792089683,0.0,0.2989176722253286,0.0
3145,1756,0.6340001225471497,0,0.6666666666666667,0.0,0.21133337418238318,0.0
3145,1757,0.7604215741157532,0,0.6666666666666667,0.0,0.25347385803858435,0.0
3145,1758,0.7746742367744446,1,1.0,0.9135066270828247,0.0,0.08649337291717529
3145,1759,0.6843330264091492,0,0.6666666666666667,0.0,0.2281110088030497,0.0
3145,1760,0.6661614179611206,0,0.33333333333333337,0.0,0.4441076119740804,0.0
3145,1761,0.6150065064430237,0,0.0,0.0,0.6150065064430237,0.0
3145,1762,0.5510739684104919,0,0.0,0.0,0.5510739684104919,0.0
3145,1763,0.5568538904190063,0,0.0,0.0,0.5568538904190063,0.0
3145,1764,0.5662440061569214,0,0.33333333333333337,0.0,0.37749600410461426,0.0
3145,1765,0.6494096517562866,0,0.6666666666666667,0.0,0.21646988391876215,0.0
3145,1766,0.6269317865371704,1,1.0,0.7216760516166687,0.0,0.2783239483833313
3145,1767,0.5875759720802307,0,0.6666666666666667,0.0,0.19585865736007685,0.0
3145,1768,0.5869258046150208,0,0.33333333333333337,0.0,0.39128386974334717,0.0
3145,1769,0.5737257599830627,0,0.5285954792089683,0.0,0.2704569169502862,0.0
3145,1770,0.3674826920032501,0,0.6666666666666667,0.0,0.12249423066775002,0.0
3145,1771,0.4985320568084717,0,0.5285954792089683,0.0,0.23501026533876498,0.0
3145,1772,0.5318211913108826,0,0.33333333333333337,0.0,0.3545474608739217,0.0
3145,1773,0.48247185349464417,0,0.6666666666666667,0.0,0.16082395116488135,0.0
3145,1774,0.34531906247138977,1,1.0,0.5776892304420471,0.0,0.4223107695579529
3145,1775,0.3697309195995331,0,0.6666666666666667,0.0,0.123243639866511,0.0
3145,1776,0.35427066683769226,0,0.33333333333333337,0.0,0.2361804445584615,0.0
3145,1777,0.26943278312683105,0,0.0,0.0,0.26943278312683105,0.0
3145,1778,0.16713587939739227,0,0.0,0.0,0.16713587939739227,0.0
3145,1779,0.1933954656124115,0,0.0,0.0,0.1933954656124115,0.0
3145,1780,0.20200437307357788,0,0.0,0.0,0.20200437307357788,0.0
3145,1781,0.1852462887763977,0,0.0,0.0,0.1852462887763977,0.0
3145,1782,0.14282886683940887,0,0.0,0.0,0.14282886683940887,0.0
3145,1783,0.1416408270597458,0,0.0,0.0,0.1416408270597458,0.0
3145,1784,0.14696286618709564,0,0.0,0.0,0.14696286618709564,0.0
3145,1785,0.1095060482621193,0,0.0,0.0,0.1095060482621193,0.0
3145,1786,0.1170717179775238,0,0.0,0.0,0.1170717179775238,0.0
3145,1787,0.15950752794742584,0,0.0,0.0,0.15950752794742584,0.0
3145,1788,0.15999162197113037,0,0.0,0.0,0.15999162197113037,0.0
3146,1728,0.009291623719036579,0,0.0,0.0,0.009291623719036579,0.0
3146,1729,0.005164965987205505,0,0.0,0.0,0.005164965987205505,0.0
3146,1730,0.005232289433479309,0,0.0,0.0,0.005232289433479309,0.0
3146,1731,0.00459978636354208,0,0.0,0.0,0.00459978636354208,0.0
3146,1732,0.0050407773815095425,0,0.0,0.0,0.0050407773815095425,0.0
3146,1733,0.005752686411142349,0,0.0,0.0,0.005752686411142349,0.0
3146,1734,0.006271990016102791,0,0.0,0.0,0.006271990016102791,0.0
3146,1735,0.005799831822514534,0,0.0,0.0,0.005799831822514534,0.0
3146,1736,0.00540158711373806,0,0.0,0.0,0.00540158711373806,0.0
3146,1737,0.008412820287048817,0,0.0,0.0,0.008412820287048817,0.0
3146,1738,0.009815364144742489,0,0.0,0.0,0.009815364144742489,0.0
3146,1739,0.011104028671979904,0,0.0,0.0,0.011104028671979904,0.0
3146,1740,0.008356529287993908,0,0.0,0.0,0.008356529287993908,0.0
3146,1741,0.010059328749775887,0,0.0,0.0,0.010059328749775887,0.0
3146,1742,0.009415771812200546,0,0.0,0.0,0.009415771812200546,0.0
3146,1743,0.010456877760589123,0,0.0,0.0,0.010456877760589123,0.0
3146,1744,0.01377301849424839,0,0.0,0.0,0.01377301849424839,0.0
3146,1745,0.02360193431377411,0,0.0,0.0,0.02360193431377411,0.0
3146,1746,0.02535928599536419,0,0.0,0.0,0.02535928599536419,0.0
3146,1747,0.017696306109428406,0,0.0,0.0,0.017696306109428406,0.0
3146,1748,0.02549862489104271,0,0.0,0.0,0.02549862489104271,0.0
3146,1749,0.05830094963312149,0,0.0,0.0,0.05830094963312149,0.0
3146,1750,0.10920851677656174,0,0.0,0.0,0.10920851677656174,0.0
3146,1751,0.12311618030071259,0,0.0,0.0,0.12311618030071259,0.0
3146,1752,0.1363738626241684,0,0.0,0.0,0.1363738626241684,0.0
3146,1753,0.08970250934362411,0,0.0,0.0,0.08970250934362411,0.0
3146,1754,0.26091715693473816,0,0.057190958417936644,0.0,0.2459950546619573,0.0
3146,1755,0.5391970872879028,0,0.2546440075000701,0.0,0.40189378014854615,0.0
3146,1756,0.6725407242774963,0,0.5285954792089683,0.0,0.31703873784048653,0.0
3146,1757,0.7433117032051086,0,0.6666666666666667,0.0,0.24777056773503617,0.0
3146,1758,0.8332193493843079,1,1.0,0.8332193493843079,0.0,0.16678065061569214
3146,1759,0.7028201222419739,0,0.6666666666666667,0.0,0.2342733740806579,0.0
3146,1760,0.5147021412849426,0,0.33333333333333337,0.0,0.3431347608566284,0.0
3146,1761,0.48323243856430054,0,0.057190958417936644,0.0,0.4555959122641715,0.0
3146,1762,0.5128206014633179,0,0.2546440075000701,0.0,0.3822339083781023,0.0
3146,1763,0.4839644134044647,0,0.33333333333333337,0.0,0.32264294226964313,0.0
3146,1764,0.6843487024307251,0,0.33333333333333337,0.0,0.45623246828715003,0.0
3146,1765,0.6696358323097229,0,0.6666666666666667,0.0,0.2232119441032409,0.0
3146,1766,0.5966446399688721,1,1.0,0.7216760516166687,0.0,0.2783239483833313
3146,1767,0.545120120048523,0,0.6666666666666667,0.0,0.18170670668284095,0.0
3146,1768,0.40004369616508484,0,0.33333333333333337,0.0,0.2666957974433899,0.0
3146,1769,0.5759966969490051,0,0.2546440075000701,0.0,0.42932258973110704,0.0
3146,1770,0.565123975276947,0,0.33333333333333337,0.0,0.376749316851298,0.0
3146,1771,0.4932243227958679,0,0.2546440075000701,0.0,0.36762770464261996,0.0
3146,1772,0.5114380121231079,0,0.33333333333333337,0.0,0.3409586747487386,0.0
3146,1773,0.49140599370002747,0,0.6666666666666667,0.0,0.16380199790000913,0.0
3146,1774,0.3663872182369232,1,1.0,0.4806253910064697,0.0,0.5193746089935303
3146,1775,0.3787093758583069,0,0.6666666666666667,0.0,0.1262364586194356,0.0
3146,1776,0.3477177023887634,0,0.33333333333333337,0.0,0.23181180159250894,0.0
3146,1777,0.25746360421180725,0,0.0,0.0,0.25746360421180725,0.0
3146,1778,0.28052374720573425,0,0.0,0.0,0.28052374720573425,0.0
3146,1779,0.24127258360385895,0,0.0,0.0,0.24127258360385895,0.0
3146,1780,0.23652446269989014,0,0.0,0.0,0.23652446269989014,0.0
3146,1781,0.20619352161884308,0,0.0,0.0,0.20619352161884308,0.0
3146,1782,0.19335593283176422,0,0.0,0.0,0.19335593283176422,0.0
3146,1783,0.16839370131492615,0,0.0,0.0,0.16839370131492615,0.0
3146,1784,0.11793834716081619,0,0.0,0.0,0.11793834716081619,0.0
3146,1785,0.1710708737373352,0,0.0,0.0,0.1710708737373352,0.0
3146,1786,0.1450013816356659,0,0.0,0.0,0.1450013816356659,0.0
3146,1787,0.13838033378124237,0,0.0,0.0,0.13838033378124237,0.0
3146,1788,0.1621091365814209,0,0.0,0.0,0.1621091365814209,0.0
3147,1728,0.005979139357805252,0,0.0,0.0,0.005979139357805252,0.0
3147,1729,0.004793782718479633,0,0.0,0.0,0.004793782718479633,0.0
3147,1730,0.0044080233201384544,0,0.0,0.0,0.0044080233201384544,0.0
3147,1731,0.0039824387058615685,0,0.0,0.0,0.0039824387058615685,0.0
3147,1732,0.00430602952837944,0,0.0,0.0,0.00430602952837944,0.0
3147,1733,0.004730424843728542,0,0.0,0.0,0.004730424843728542,0.0
3147,1734,0.005405076313763857,0,0.0,0.0,0.005405076313763857,0.0
3147,1735,0.005259537138044834,0,0.0,0.0,0.005259537138044834,0.0
3147,1736,0.011316495947539806,0,0.0,0.0,0.011316495947539806,0.0
3147,1737,0.01273175235837698,0,0.0,0.0,0.01273175235837698,0.0
3147,1738,0.013011815026402473,0,0.0,0.0,0.013011815026402473,0.0
3147,1739,0.011424407362937927,0,0.0,0.0,0.011424407362937927,0.0
3147,1740,0.010059266351163387,0,0.0,0.0,0.010059266351163387,0.0
3147,1741,0.012030101381242275,0,0.0,0.0,0.012030101381242275,0.0
3147,1742,0.009042383171617985,0,0.0,0.0,0.009042383171617985,0.0
3147,1743,0.008199763484299183,0,0.0,0.0,0.008199763484299183,0.0
3147,1744,0.014652817510068417,0,0.0,0.0,0.014652817510068417,0.0
3147,1745,0.021554943174123764,0,0.0,0.0,0.021554943174123764,0.0
3147,1746,0.02289920672774315,0,0.0,0.0,0.02289920672774315,0.0
3147,1747,0.013005335815250874,0,0.0,0.0,0.013005335815250874,0.0
3147,1748,0.017526376992464066,0,0.0,0.0,0.017526376992464066,0.0
3147,1749,0.037631042301654816,0,0.0,0.0,0.037631042301654816,0.0
3147,1750,0.08557932078838348,0,0.0,0.0,0.08557932078838348,0.0
3147,1751,0.08637096732854843,0,0.0,0.0,0.08637096732854843,0.0
3147,1752,0.13422352075576782,0,0.0,0.0,0.13422352075576782,0.0
3147,1753,0.12018517404794693,0,0.0,0.0,0.12018517404794693,0.0
3147,1754,0.22890903055667877,0,0.0,0.0,0.22890903055667877,0.0
3147,1755,0.27814632654190063,0,0.33333333333333337,0.0,0.1854308843612671,0.0
3147,1756,0.5606505870819092,0,0.6666666666666667,0.0,0.186883529027303,0.0
3147,1757,0.670861005783081,1,1.0,0.8332193493843079,0.0,0.16678065061569214
3147,1758,0.731360912322998,0,0.6666666666666667,0.0,0.24378697077433262,0.0
3147,1759,0.7799991965293884,0,0.5285954792089683,0.0,0.36769514745732607,0.0
3147,1760,0.6971583962440491,0,0.2546440075000701,0.0,0.5196311883621426,0.0
3147,1761,0.6402565836906433,0,0.2546440075000701,0.0,0.4772190813913539,0.0
3147,1762,0.5884367227554321,0,0.5285954792089683,0.0,0.2773917313063696,0.0
3147,1763,0.652068555355072,0,0.6666666666666667,0.0,0.2173561851183573,0.0
3147,1764,0.7445961833000183,0,0.5285954792089683,0.0,0.3510060069713763,0.0
3147,1765,0.6023423671722412,0,0.6666666666666667,0.0,0.2007807890574137,0.0
3147,1766,0.5898959636688232,1,1.0,0.7216760516166687,0.0,0.2783239483833313
3147,1767,0.5513030290603638,0,0.6666666666666667,0.0,0.18376767635345456,0.0
3147,1768,0.5051833391189575,0,0.33333333333333337,0.0,0.3367888927459717,0.0
3147,1769,0.5178051590919495,0,0.33333333333333337,0.0,0.34520343939463294,0.0
3147,1770,0.5426955223083496,0,0.2546440075000701,0.0,0.4045013596554078,0.0
3147,1771,0.45730695128440857,0,0.057190958417936644,0.0,0.43115312844926856,0.0
3147,1772,0.48319679498672485,0,0.33333333333333337,0.0,0.32213119665781653,0.0
3147,1773,0.4131963551044464,0,0.6666666666666667,0.0,0.13773211836814878,0.0
3147,1774,0.24151939153671265,1,1.0,0.473551869392395,0.0,0.526448130607605
3147,1775,0.42315876483917236,0,0.6666666666666667,0.0,0.14105292161305744,0.0
3147,1776,0.4093458950519562,0,0.33333333333333337,0.0,0.27289726336797077,0.0
3147,1777,0.3744220435619354,0,0.0,0.0,0.3744220435619354,0.0
3147,1778,0.26603567600250244,0,0.0,0.0,0.26603567600250244,0.0
3147,1779,0.2361803948879242,0,0.0,0.0,0.2361803948879242,0.0
3147,1780,0.23896442353725433,0,0.0,0.0,0.23896442353725433,0.0
3147,1781,0.20252873003482819,0,0.0,0.0,0.20252873003482819,0.0
3147,1782,0.14046432077884674,0,0.0,0.0,0.14046432077884674,0.0
3147,1783,0.13866885006427765,0,0.0,0.0,0.13866885006427765,0.0
3147,1784,0.13392162322998047,0,0.0,0.0,0.13392162322998047,0.0
3147,1785,0.1341477632522583,0,0.0,0.0,0.1341477632522583,0.0
3147,1786,0.13102266192436218,0,0.0,0.0,0.13102266192436218,0.0
3147,1787,0.13599982857704163,0,0.0,0.0,0.13599982857704163,0.0
3147,1788,0.12076791375875473,0,0.0,0.0,0.12076791375875473,0.0
3148,1728,0.005227893590927124,0,0.0,0.0,0.005227893590927124,0.0
3148,1729,0.004626493435353041,0,0.0,0.0,0.004626493435353041,0.0
3148,1730,0.004664112813770771,0,0.0,0.0,0.004664112813770771,0.0
3148,1731,0.004463065415620804,0,0.0,0.0,0.004463065415620804,0.0
3148,1732,0.004355645272880793,0,0.0,0.0,0.004355645272880793,0.0
3148,1733,0.003754523117095232,0,0.0,0.0,0.003754523117095232,0.0
3148,1734,0.004645193461328745,0,0.0,0.0,0.004645193461328745,0.0
3148,1735,0.006348490249365568,0,0.0,0.0,0.006348490249365568,0.0
3148,1736,0.013240179046988487,0,0.0,0.0,0.013240179046988487,0.0
3148,1737,0.012950778938829899,0,0.0,0.0,0.012950778938829899,0.0
3148,1738,0.011211828328669071,0,0.0,0.0,0.011211828328669071,0.0
3148,1739,0.01113064307719469,0,0.0,0.0,0.01113064307719469,0.0
3148,1740,0.010885392315685749,0,0.0,0.0,0.010885392315685749,0.0
3148,1741,0.010583313181996346,0,0.0,0.0,0.010583313181996346,0.0
3148,1742,0.010872355662286282,0,0.0,0.0,0.010872355662286282,0.0
3148,1743,0.00719735212624073,0,0.0,0.0,0.00719735212624073,0.0
3148,1744,0.013337326236069202,0,0.0,0.0,0.013337326236069202,0.0
3148,1745,0.01706170290708542,0,0.0,0.0,0.01706170290708542,0.0
3148,1746,0.017599690705537796,0,0.0,0.0,0.017599690705537796,0.0
3148,1747,0.016930460929870605,0,0.0,0.0,0.016930460929870605,0.0
3148,1748,0.021489521488547325,0,0.0,0.0,0.021489521488547325,0.0
3148,1749,0.039644066244363785,0,0.0,0.0,0.039644066244363785,0.0
3148,1750,0.07728873193264008,0,0.0,0.0,0.07728873193264008,0.0
3148,1751,0.06586974114179611,0,0.0,0.0,0.06586974114179611,0.0
3148,1752,0.10765960067510605,0,0.0,0.0,0.10765960067510605,0.0
3148,1753,0.09722956269979477,0,0.0,0.0,0.09722956269979477,0.0
3148,1754,0.27757197618484497,0,0.0,0.0,0.27757197618484497,0.0
3148,1755,0.30913737416267395,0,0.2546440075000701,0.0,0.23041739433784203,0.0
3148,1756,0.4636376202106476,0,0.5285954792089683,0.0,0.21856087017609466,0.0
3148,1757,0.6303471922874451,0,0.6666666666666667,0.0,0.21011573076248163,0.0
3148,1758,0.6003587245941162,1,1.0,0.8332193493843079,0.0,0.16678065061569214
3148,1759,0.5737838745117188,0,0.6666666666666667,0.0,0.1912612915039062,0.0
3148,1760,0.5999336242675781,0,0.33333333333333337,0.0,0.39995574951171875,0.0
3148,1761,0.4781021773815155,0,0.33333333333333337,0.0,0.3187347849210103,0.0
3148,1762,0.5192393064498901,0,0.6666666666666667,0.0,0.17307976881663,0.0
3148,1763,0.6171948909759521,1,1.0,0.6269317865371704,0.0,0.3730682134628296
3148,1764,0.4567258656024933,0,0.6666666666666667,0.0,0.15224195520083106,0.0
3148,1765,0.484336793422699,0,0.6666666666666667,0.0,0.1614455978075663,0.0
3148,1766,0.5500860214233398,1,1.0,0.6269317865371704,0.0,0.3730682134628296
3148,1767,0.42980605363845825,0,0.6666666666666667,0.0,0.1432686845461527,0.0
3148,1768,0.38627752661705017,0,0.5285954792089683,0.0,0.18209297232725552,0.0
3148,1769,0.4504285454750061,0,0.6666666666666667,0.0,0.15014284849166867,0.0
3148,1770,0.35949793457984924,0,0.5285954792089683,0.0,0.1694689515759795,0.0
3148,1771,0.4568273723125458,0,0.2546440075000701,0.0,0.3404990194911526,0.0
3148,1772,0.42949172854423523,0,0.33333333333333337,0.0,0.2863278190294901,0.0
3148,1773,0.4094921946525574,0,0.6666666666666667,0.0,0.1364973982175191,0.0
3148,1774,0.36943742632865906,1,1.0,0.4264117181301117,0.0,0.5735882520675659
3148,1775,0.41161710023880005,0,0.6666666666666667,0.0,0.13720570007959998,0.0
3148,1776,0.4094851016998291,0,0.33333333333333337,0.0,0.27299006779988605,0.0
3148,1777,0.3280560076236725,0,0.0,0.0,0.3280560076236725,0.0
3148,1778,0.2782241106033325,0,0.0,0.0,0.2782241106033325,0.0
3148,1779,0.24948075413703918,0,0.0,0.0,0.24948075413703918,0.0
3148,1780,0.15056444704532623,0,0.0,0.0,0.15056444704532623,0.0
3148,1781,0.1956920623779297,0,0.0,0.0,0.1956920623779297,0.0
3148,1782,0.1273685097694397,0,0.0,0.0,0.1273685097694397,0.0
3148,1783,0.11331270635128021,0,0.0,0.0,0.11331270635128021,0.0
3148,1784,0.1545671671628952,0,0.0,0.0,0.1545671671628952,0.0
3148,1785,0.1670304536819458,0,0.0,0.0,0.1670304536819458,0.0
3148,1786,0.12346499413251877,0,0.0,0.0,0.12346499413251877,0.0
3148,1787,0.13288824260234833,0,0.0,0.0,0.13288824260234833,0.0
3148,1788,0.12169472128152847,0,0.0,0.0,0.12169472128152847,0.0
3149,1728,0.0039039780385792255,0,0.0,0.0,0.0039039780385792255,0.0
3149,1729,0.004239392466843128,0,0.0,0.0,0.004239392466843128,0.0
3149,1730,0.005297131836414337,0,0.0,0.0,0.005297131836414337,0.0
3149,1731,0.00495159113779664,0,0.0,0.0,0.00495159113779664,0.0
3149,1732,0.004808293655514717,0,0.0,0.0,0.004808293655514717,0.0
3149,1733,0.004342431202530861,0,0.0,0.0,0.004342431202530861,0.0
3149,1734,0.0044582621194422245,0,0.0,0.0,0.0044582621194422245,0.0
3149,1735,0.008060796186327934,0,0.0,0.0,0.008060796186327934,0.0
3149,1736,0.012553633190691471,0,0.0,0.0,0.012553633190691471,0.0
3149,1737,0.011127212084829807,0,0.0,0.0,0.011127212084829807,0.0
3149,1738,0.010440061800181866,0,0.0,0.0,0.010440061800181866,0.0
3149,1739,0.011754990555346012,0,0.0,0.0,0.011754990555346012,0.0
3149,1740,0.01250582467764616,0,0.0,0.0,0.01250582467764616,0.0
3149,1741,0.011820375919342041,0,0.0,0.0,0.011820375919342041,0.0
3149,1742,0.009369282983243465,0,0.0,0.0,0.009369282983243465,0.0
3149,1743,0.00892256572842598,0,0.0,0.0,0.00892256572842598,0.0
3149,1744,0.014586160890758038,0,0.0,0.0,0.014586160890758038,0.0
3149,1745,0.016335297375917435,0,0.0,0.0,0.016335297375917435,0.0
3149,1746,0.014517509378492832,0,0.0,0.0,0.014517509378492832,0.0
3149,1747,0.01478694286197424,0,0.0,0.0,0.01478694286197424,0.0
3149,1748,0.01955573819577694,0,0.0,0.0,0.01955573819577694,0.0
3149,1749,0.02828475646674633,0,0.0,0.0,0.02828475646674633,0.0
3149,1750,0.05218292027711868,0,0.0,0.0,0.05218292027711868,0.0
3149,1751,0.10035168379545212,0,0.0,0.0,0.10035168379545212,0.0
3149,1752,0.09567130357027054,0,0.0,0.0,0.09567130357027054,0.0
3149,1753,0.08967802673578262,0,0.0,0.0,0.08967802673578262,0.0
3149,1754,0.31914833188056946,0,0.0,0.0,0.31914833188056946,0.0
3149,1755,0.44325941801071167,0,0.057190958417936644,0.0,0.41790898706690227,0.0
3149,1756,0.5680407285690308,0,0.33333333333333337,0.0,0.3786938190460205,0.0
3149,1757,0.6550660729408264,0,0.6666666666666667,0.0,0.21835535764694208,0.0
3149,1758,0.5864643454551697,1,1.0,0.8332193493843079,0.0,0.16678065061569214
3149,1759,0.5704261660575867,0,0.6666666666666667,0.0,0.19014205535252884,0.0
3149,1760,0.5385708212852478,0,0.33333333333333337,0.0,0.35904721419016516,0.0
3149,1761,0.5262681245803833,0,0.2546440075000701,0.0,0.39225710031768835,0.0
3149,1762,0.43483057618141174,0,0.5285954792089683,0.0,0.2049810993900866,0.0
3149,1763,0.556345522403717,0,0.6666666666666667,0.0,0.18544850746790564,0.0
3149,1764,0.5928252935409546,1,1.0,0.6171948909759521,0.0,0.38280510902404785
3149,1765,0.4957483112812042,0,0.6666666666666667,0.0,0.1652494370937347,0.0
3149,1766,0.36695700883865356,0,0.6666666666666667,0.0,0.12231900294621782,0.0
3149,1767,0.48247718811035156,1,1.0,0.5966446399688721,0.0,0.40335536003112793
3149,1768,0.3610249161720276,0,0.6666666666666667,0.0,0.12034163872400917,0.0
3149,1769,0.4343688488006592,1,1.0,0.5966446399688721,0.0,0.40335536003112793
3149,1770,0.3941151201725006,0,0.6666666666666667,0.0,0.13137170672416684,0.0
3149,1771,0.48585715889930725,0,0.33333333333333337,0.0,0.32390477259953815,0.0
3149,1772,0.43148839473724365,0,0.33333333333333337,0.0,0.2876589298248291,0.0
3149,1773,0.4135644733905792,0,0.6666666666666667,0.0,0.13785482446352637,0.0
3149,1774,0.41239866614341736,1,1.0,0.4264117181301117,0.0,0.5735882520675659
3149,1775,0.3979666233062744,0,0.6666666666666667,0.0,0.13265554110209143,0.0
3149,1776,0.4000735878944397,0,0.33333333333333337,0.0,0.2667157252629598,0.0
3149,1777,0.301561176776886,0,0.0,0.0,0.301561176776886,0.0
3149,1778,0.18669553101062775,0,0.0,0.0,0.18669553101062775,0.0
3149,1779,0.17636725306510925,0,0.0,0.0,0.17636725306510925,0.0
3149,1780,0.2419281005859375,0,0.0,0.0,0.2419281005859375,0.0
3149,1781,0.1454898715019226,0,0.0,0.0,0.1454898715019226,0.0
3149,1782,0.12508076429367065,0,0.0,0.0,0.12508076429367065,0.0
3149,1783,0.2137155532836914,0,0.0,0.0,0.2137155532836914,0.0
3149,1784,0.2138267159461975,0,0.0,0.0,0.2138267159461975,0.0
3149,1785,0.19316279888153076,0,0.0,0.0,0.19316279888153076,0.0
3149,1786,0.1872883290052414,0,0.0,0.0,0.1872883290052414,0.0
3149,1787,0.15370142459869385,0,0.0,0.0,0.15370142459869385,0.0
3149,1788,0.13444851338863373,0,0.0,0.0,0.13444851338863373,0.0
3150,1728,0.0034172586165368557,0,0.0,0.0,0.0034172586165368557,0.0
3150,1729,0.0033207684755325317,0,0.0,0.0,0.0033207684755325317,0.0
3150,1730,0.003265189938247204,0,0.0,0.0,0.003265189938247204,0.0
3150,1731,0.0039450014010071754,0,0.0,0.0,0.0039450014010071754,0.0
3150,1732,0.0047116344794631,0,0.0,0.0,0.0047116344794631,0.0
3150,1733,0.003965814597904682,0,0.0,0.0,0.003965814597904682,0.0
3150,1734,0.006227807141840458,0,0.0,0.0,0.006227807141840458,0.0
3150,1735,0.007726650219410658,0,0.0,0.0,0.007726650219410658,0.0
3150,1736,0.011398537084460258,0,0.0,0.0,0.011398537084460258,0.0
3150,1737,0.011007977649569511,0,0.0,0.0,0.011007977649569511,0.0
3150,1738,0.010088452138006687,0,0.0,0.0,0.010088452138006687,0.0
3150,1739,0.010715646669268608,0,0.0,0.0,0.010715646669268608,0.0
3150,1740,0.008490810170769691,0,0.0,0.0,0.008490810170769691,0.0
3150,1741,0.008931329473853111,0,0.0,0.0,0.008931329473853111,0.0
3150,1742,0.007839472033083439,0,0.0,0.0,0.007839472033083439,0.0
3150,1743,0.008086002431809902,0,0.0,0.0,0.008086002431809902,0.0
3150,1744,0.011341306380927563,0,0.0,0.0,0.011341306380927563,0.0
3150,1745,0.01641365885734558,0,0.0,0.0,0.01641365885734558,0.0
3150,1746,0.014560483396053314,0,0.0,0.0,0.014560483396053314,0.0
3150,1747,0.019332684576511383,0,0.0,0.0,0.019332684576511383,0.0
3150,1748,0.021332263946533203,0,0.0,0.0,0.021332263946533203,0.0
3150,1749,0.025857148692011833,0,0.0,0.0,0.025857148692011833,0.0
3150,1750,0.03272741660475731,0,0.0,0.0,0.03272741660475731,0.0
3150,1751,0.07688695192337036,0,0.0,0.0,0.07688695192337036,0.0
3150,1752,0.06835968792438507,0,0.0,0.0,0.06835968792438507,0.0
3150,1753,0.08635906130075455,0,0.0,0.0,0.08635906130075455,0.0
3150,1754,0.29766619205474854,0,0.0,0.0,0.29766619205474854,0.0
3150,1755,0.30287179350852966,0,0.0,0.0,0.30287179350852966,0.0
3150,1756,0.5366965532302856,0,0.33333333333333337,0.0,0.35779770215352374,0.0
3150,1757,0.6758529543876648,0,0.6666666666666667,0.0,0.22528431812922156,0.0
3150,1758,0.6347057223320007,1,1.0,0.670861005783081,0.0,0.32913899421691895
3150,1759,0.5670773983001709,0,0.6666666666666667,0.0,0.18902579943339026,0.0
3150,1760,0.5027742385864258,0,0.33333333333333337,0.0,0.3351828257242838,0.0
3150,1761,0.4972418546676636,0,0.057190958417936644,0.0,0.4688041164337075,0.0
3150,1762,0.5025421977043152,0,0.2546440075000701,0.0,0.37457283854299583,0.0
3150,1763,0.42653322219848633,0,0.5285954792089683,0.0,0.20106968921193208,0.0
3150,1764,0.3701131343841553,0,0.6666666666666667,0.0,0.1233710447947184,0.0
3150,1765,0.35626059770584106,1,1.0,0.6171948909759521,0.0,0.38280510902404785
3150,1766,0.3846198320388794,0,0.6666666666666667,0.0,0.12820661067962644,0.0
3150,1767,0.3959781527519226,1,1.0,0.5928252935409546,0.0,0.4071747064590454
3150,1768,0.3826521039009094,0,0.6666666666666667,0.0,0.1275507013003031,0.0
3150,1769,0.37558019161224365,1,1.0,0.5898959636688232,0.0,0.41010403633117676
3150,1770,0.47483423352241516,0,0.6666666666666667,0.0,0.15827807784080503,0.0
3150,1771,0.44107863306999207,0,0.33333333333333337,0.0,0.2940524220466614,0.0
3150,1772,0.4196515381336212,0,0.33333333333333337,0.0,0.2797676920890808,0.0
3150,1773,0.4240574538707733,0,0.6666666666666667,0.0,0.14135248462359107,0.0
3150,1774,0.4264117181301117,1,1.0,0.4264117181301117,0.0,0.5735882520675659
3150,1775,0.40744438767433167,0,0.6666666666666667,0.0,0.13581479589144385,0.0
3150,1776,0.4170665442943573,0,0.33333333333333337,0.0,0.27804436286290485,0.0
3150,1777,0.31144848465919495,0,0.0,0.0,0.31144848465919495,0.0
3150,1778,0.21986563503742218,0,0.0,0.0,0.21986563503742218,0.0
3150,1779,0.27716588973999023,0,0.0,0.0,0.27716588973999023,0.0
3150,1780,0.22128212451934814,0,0.0,0.0,0.22128212451934814,0.0
3150,1781,0.14228913187980652,0,0.0,0.0,0.14228913187980652,0.0
3150,1782,0.12713025510311127,0,0.0,0.0,0.12713025510311127,0.0
3150,1783,0.2288343757390976,0,0.0,0.0,0.2288343757390976,0.0
3150,1784,0.23840129375457764,0,0.0,0.0,0.23840129375457764,0.0
3150,1785,0.19061245024204254,0,0.0,0.0,0.19061245024204254,0.0
3150,1786,0.21071164309978485,0,0.0,0.0,0.21071164309978485,0.0
3150,1787,0.15121585130691528,0,0.0,0.0,0.15121585130691528,0.0
3150,1788,0.16723982989788055,0,0.0,0.0,0.16723982989788055,0.0
3151,1728,0.003151622600853443,0,0.0,0.0,0.003151622600853443,0.0
3151,1729,0.00313534215092659,0,0.0,0.0,0.00313534215092659,0.0
3151,1730,0.0038854163140058517,0,0.0,0.0,0.0038854163140058517,0.0
3151,1731,0.00410517118871212,0,0.0,0.0,0.00410517118871212,0.0
3151,1732,0.00410363357514143,0,0.0,0.0,0.00410363357514143,0.0
3151,1733,0.0048075788654387,0,0.0,0.0,0.0048075788654387,0.0
3151,1734,0.007428677752614021,0,0.0,0.0,0.007428677752614021,0.0
3151,1735,0.007202307227998972,0,0.0,0.0,0.007202307227998972,0.0
3151,1736,0.010883969254791737,0,0.0,0.0,0.010883969254791737,0.0
3151,1737,0.008845341391861439,0,0.0,0.0,0.008845341391861439,0.0
3151,1738,0.008946295827627182,0,0.0,0.0,0.008946295827627182,0.0
3151,1739,0.008507058024406433,0,0.0,0.0,0.008507058024406433,0.0
3151,1740,0.007059165742248297,0,0.0,0.0,0.007059165742248297,0.0
3151,1741,0.007267429959028959,0,0.0,0.0,0.007267429959028959,0.0
3151,1742,0.006374239921569824,0,0.0,0.0,0.006374239921569824,0.0
3151,1743,0.00795339047908783,0,0.0,0.0,0.00795339047908783,0.0
3151,1744,0.010163243860006332,0,0.0,0.0,0.010163243860006332,0.0
3151,1745,0.015266514383256435,0,0.0,0.0,0.015266514383256435,0.0
3151,1746,0.01868593320250511,0,0.0,0.0,0.01868593320250511,0.0
3151,1747,0.021071286872029305,0,0.0,0.0,0.021071286872029305,0.0
3151,1748,0.02180948480963707,0,0.0,0.0,0.02180948480963707,0.0
3151,1749,0.02897811494767666,0,0.0,0.0,0.02897811494767666,0.0
3151,1750,0.05068982020020485,0,0.0,0.0,0.05068982020020485,0.0
3151,1751,0.08070487529039383,0,0.0,0.0,0.08070487529039383,0.0
3151,1752,0.06903158128261566,0,0.0,0.0,0.06903158128261566,0.0
3151,1753,0.07580754160881042,0,0.0,0.0,0.07580754160881042,0.0
3151,1754,0.3132401704788208,0,0.0,0.0,0.3132401704788208,0.0
3151,1755,0.2882958948612213,0,0.057190958417936644,0.0,0.2718079763261514,0.0
3151,1756,0.4467865526676178,0,0.33333333333333337,0.0,0.29785770177841187,0.0
3151,1757,0.6806387305259705,0,0.6666666666666667,0.0,0.22687957684199012,0.0
3151,1758,0.6615650653839111,1,1.0,0.6615650653839111,0.0,0.33843493461608887
3151,1759,0.32080012559890747,0,0.6666666666666667,0.0,0.1069333751996358,0.0
3151,1760,0.5085030198097229,0,0.33333333333333337,0.0,0.33900201320648193,0.0
3151,1761,0.47376328706741333,0,0.0,0.0,0.47376328706741333,0.0
3151,1762,0.46952706575393677,0,0.057190958417936644,0.0,0.4426743628603076,0.0
3151,1763,0.4383481740951538,0,0.33333333333333337,0.0,0.29223211606343585,0.0
3151,1764,0.3879411816596985,0,0.6666666666666667,0.0,0.12931372721989948,0.0
3151,1765,0.4874812662601471,1,1.0,0.6171948909759521,0.0,0.38280510902404785
3151,1766,0.5252463817596436,0,0.6666666666666667,0.0,0.17508212725321448,0.0
3151,1767,0.5032352209091187,1,1.0,0.5928252935409546,0.0,0.4071747064590454
3151,1768,0.4778653681278229,1,1.0,0.5520734190940857,0.0,0.4479265809059143
3151,1769,0.41869810223579407,0,0.6666666666666667,0.0,0.139566034078598,0.0
3151,1770,0.4522925913333893,0,0.5285954792089683,0.0,0.2132127722748503,0.0
3151,1771,0.45596811175346375,0,0.2546440075000701,0.0,0.33985856448432195,0.0
3151,1772,0.4083416163921356,0,0.33333333333333337,0.0,0.2722277442614237,0.0
3151,1773,0.44503098726272583,0,0.6666666666666667,0.0,0.14834366242090857,0.0
3151,1774,0.38327378034591675,1,1.0,0.4264117181301117,0.0,0.5735882520675659
3151,1775,0.30289921164512634,0,0.6666666666666667,0.0,0.10096640388170876,0.0
3151,1776,0.31296321749687195,0,0.33333333333333337,0.0,0.2086421449979146,0.0
3151,1777,0.3354737162590027,0,0.057190958417936644,0.0,0.3162876529021234,0.0
3151,1778,0.2362157702445984,0,0.0,0.0,0.2362157702445984,0.0
3151,1779,0.3375281095504761,0,0.0,0.0,0.3375281095504761,0.0
3151,1780,0.31013908982276917,0,0.0,0.0,0.31013908982276917,0.0
3151,1781,0.18756811320781708,0,0.0,0.0,0.18756811320781708,0.0
3151,1782,0.1316996067762375,0,0.0,0.0,0.1316996067762375,0.0
3151,1783,0.22100935876369476,0,0.0,0.0,0.22100935876369476,0.0
3151,1784,0.24420194327831268,0,0.0,0.0,0.24420194327831268,0.0
3151,1785,0.2390834093093872,0,0.0,0.0,0.2390834093093872,0.0
3151,1786,0.19862961769104004,0,0.0,0.0,0.19862961769104004,0.0
3151,1787,0.15368981659412384,0,0.0,0.0,0.15368981659412384,0.0
3151,1788,0.1276557296514511,0,0.0,0.0,0.1276557296514511,0.0
3152,1728,0.0027659244369715452,0,0.0,0.0,0.0027659244369715452,0.0
3152,1729,0.00247017084620893,0,0.0,0.0,0.00247017084620893,0.0
3152,1730,0.003114776685833931,0,0.0,0.0,0.003114776685833931,0.0
3152,1731,0.0032384339720010757,0,0.0,0.0,0.0032384339720010757,0.0
3152,1732,0.0037293152417987585,0,0.0,0.0,0.0037293152417987585,0.0
3152,1733,0.0064454833045601845,0,0.0,0.0,0.0064454833045601845,0.0
3152,1734,0.0063916342332959175,0,0.0,0.0,0.0063916342332959175,0.0
3152,1735,0.0059194061905145645,0,0.0,0.0,0.0059194061905145645,0.0
3152,1736,0.005498830694705248,0,0.0,0.0,0.005498830694705248,0.0
3152,1737,0.006043144967406988,0,0.0,0.0,0.006043144967406988,0.0
3152,1738,0.006751764565706253,0,0.0,0.0,0.006751764565706253,0.0
3152,1739,0.006772300228476524,0,0.0,0.0,0.006772300228476524,0.0
3152,1740,0.006047009024769068,0,0.0,0.0,0.006047009024769068,0.0
3152,1741,0.004975995514541864,0,0.0,0.0,0.004975995514541864,0.0
3152,1742,0.005792384035885334,0,0.0,0.0,0.005792384035885334,0.0
3152,1743,0.008774913847446442,0,0.0,0.0,0.008774913847446442,0.0
3152,1744,0.008147414773702621,0,0.0,0.0,0.008147414773702621,0.0
3152,1745,0.009240633808076382,0,0.0,0.0,0.009240633808076382,0.0
3152,1746,0.01793127879500389,0,0.0,0.0,0.01793127879500389,0.0
3152,1747,0.01708577387034893,0,0.0,0.0,0.01708577387034893,0.0
3152,1748,0.02168388105928898,0,0.0,0.0,0.02168388105928898,0.0
3152,1749,0.026296326890587807,0,0.0,0.0,0.026296326890587807,0.0
3152,1750,0.05082597956061363,0,0.0,0.0,0.05082597956061363,0.0
3152,1751,0.04598049074411392,0,0.0,0.0,0.04598049074411392,0.0
3152,1752,0.06697125732898712,0,0.0,0.0,0.06697125732898712,0.0
3152,1753,0.08175695687532425,0,0.0,0.0,0.08175695687532425,0.0
3152,1754,0.27408725023269653,0,0.0,0.0,0.27408725023269653,0.0
3152,1755,0.3159504532814026,0,0.2546440075000701,0.0,0.23549556368636257,0.0
3152,1756,0.451570600271225,0,0.5285954792089683,0.0,0.21287242242417534,0.0
3152,1757,0.6585307121276855,0,0.6666666666666667,0.0,0.21951023737589515,0.0
3152,1758,0.6335362195968628,1,1.0,0.6615650653839111,0.0,0.33843493461608887
3152,1759,0.5325770378112793,0,0.6666666666666667,0.0,0.1775256792704264,0.0
3152,1760,0.5278106331825256,0,0.33333333333333337,0.0,0.3518737554550171,0.0
3152,1761,0.5303319096565247,0,0.0,0.0,0.5303319096565247,0.0
3152,1762,0.5483513474464417,0,0.0,0.0,0.5483513474464417,0.0
3152,1763,0.5954995155334473,0,0.33333333333333337,0.0,0.39699967702229816,0.0
3152,1764,0.5179110765457153,0,0.6666666666666667,0.0,0.1726370255152384,0.0
3152,1765,0.5520734190940857,1,1.0,0.5966132283210754,0.0,0.40338677167892456
3152,1766,0.4985191524028778,0,0.6666666666666667,0.0,0.16617305080095923,0.0
3152,1767,0.4257557690143585,1,1.0,0.5966132283210754,0.0,0.40338677167892456
3152,1768,0.399373322725296,1,1.0,0.5966132283210754,0.0,0.40338677167892456
3152,1769,0.30906397104263306,0,0.6666666666666667,0.0,0.10302132368087766,0.0
3152,1770,0.242120623588562,0,0.33333333333333337,0.0,0.16141374905904132,0.0
3152,1771,0.3075532615184784,0,0.057190958417936644,0.0,0.2899639957276743,0.0
3152,1772,0.4044130742549896,0,0.33333333333333337,0.0,0.26960871616999305,0.0
3152,1773,0.42620977759361267,0,0.6666666666666667,0.0,0.14206992586453754,0.0
3152,1774,0.3602631092071533,1,1.0,0.4264117181301117,0.0,0.5735882520675659
3152,1775,0.2958002984523773,0,0.6666666666666667,0.0,0.09860009948412575,0.0
3152,1776,0.3483942747116089,0,0.5285954792089683,0.0,0.16423463611676503,0.0
3152,1777,0.25365346670150757,0,0.2546440075000701,0.0,0.1890621314243501,0.0
3152,1778,0.23172527551651,0,0.0,0.0,0.23172527551651,0.0
3152,1779,0.18883506953716278,0,0.0,0.0,0.18883506953716278,0.0
3152,1780,0.30249691009521484,0,0.0,0.0,0.30249691009521484,0.0
3152,1781,0.27438676357269287,0,0.0,0.0,0.27438676357269287,0.0
3152,1782,0.16684335470199585,0,0.0,0.0,0.16684335470199585,0.0
3152,1783,0.24799998104572296,0,0.0,0.0,0.24799998104572296,0.0
3152,1784,0.26366865634918213,0,0.0,0.0,0.26366865634918213,0.0
3152,1785,0.19901621341705322,0,0.0,0.0,0.19901621341705322,0.0
3152,1786,0.20040002465248108,0,0.0,0.0,0.20040002465248108,0.0
3152,1787,0.2290855199098587,0,0.0,0.0,0.2290855199098587,0.0
3152,1788,0.24453888833522797,0,0.0,0.0,0.24453888833522797,0.0
3153,1728,0.002009951276704669,0,0.0,0.0,0.002009951276704669,0.0
3153,1729,0.0024173359852284193,0,0.0,0.0,0.0024173359852284193,0.0
3153,1730,0.002724113641306758,0,0.0,0.0,0.002724113641306758,0.0
3153,1731,0.002325369045138359,0,0.0,0.0,0.002325369045138359,0.0
3153,1732,0.0033390710595995188,0,0.0,0.0,0.0033390710595995188,0.0
3153,1733,0.005683765280991793,0,0.0,0.0,0.005683765280991793,0.0
3153,1734,0.005726072937250137,0,0.0,0.0,0.005726072937250137,0.0
3153,1735,0.0044125341810286045,0,0.0,0.0,0.0044125341810286045,0.0
3153,1736,0.004823560360819101,0,0.0,0.0,0.004823560360819101,0.0
3153,1737,0.005198259372264147,0,0.0,0.0,0.005198259372264147,0.0
3153,1738,0.005588742438703775,0,0.0,0.0,0.005588742438703775,0.0
3153,1739,0.0054227267391979694,0,0.0,0.0,0.0054227267391979694,0.0
3153,1740,0.0057197981514036655,0,0.0,0.0,0.0057197981514036655,0.0
3153,1741,0.005960217211395502,0,0.0,0.0,0.005960217211395502,0.0
3153,1742,0.007858796045184135,0,0.0,0.0,0.007858796045184135,0.0
3153,1743,0.009007832035422325,0,0.0,0.0,0.009007832035422325,0.0
3153,1744,0.006438438780605793,0,0.0,0.0,0.006438438780605793,0.0
3153,1745,0.00892660953104496,0,0.0,0.0,0.00892660953104496,0.0
3153,1746,0.015845589339733124,0,0.0,0.0,0.015845589339733124,0.0
3153,1747,0.01508716307580471,0,0.0,0.0,0.01508716307580471,0.0
3153,1748,0.018608691170811653,0,0.0,0.0,0.018608691170811653,0.0
3153,1749,0.03740742802619934,0,0.0,0.0,0.03740742802619934,0.0
3153,1750,0.0383981317281723,0,0.0,0.0,0.0383981317281723,0.0
3153,1751,0.07062213867902756,0,0.0,0.0,0.07062213867902756,0.0
3153,1752,0.06047743558883667,0,0.0,0.0,0.06047743558883667,0.0
3153,1753,0.09165313839912415,0,0.0,0.0,0.09165313839912415,0.0
3153,1754,0.14854837954044342,0,0.0,0.0,0.14854837954044342,0.0
3153,1755,0.26089033484458923,0,0.33333333333333337,0.0,0.17392688989639282,0.0
3153,1756,0.4420028626918793,0,0.6666666666666667,0.0,0.14733428756395972,0.0
3153,1757,0.6365344524383545,1,1.0,0.6710179448127747,0.0,0.32898205518722534
3153,1758,0.6681756973266602,0,0.6666666666666667,0.0,0.22272523244222,0.0
3153,1759,0.536763608455658,0,0.5285954792089683,0.0,0.2530327916221044,0.0
3153,1760,0.5899717807769775,0,0.2546440075000701,0.0,0.4397390022079752,0.0
3153,1761,0.5910525918006897,0,0.0,0.0,0.5910525918006897,0.0
3153,1762,0.6027659177780151,0,0.0,0.0,0.6027659177780151,0.0
3153,1763,0.6311167478561401,0,0.33333333333333337,0.0,0.4207444985707601,0.0
3153,1764,0.6719983220100403,0,0.6666666666666667,0.0,0.22399944067001337,0.0
3153,1765,0.4340648651123047,1,1.0,0.5966132283210754,0.0,0.40338677167892456
3153,1766,0.4066746234893799,0,0.6666666666666667,0.0,0.13555820782979328,0.0
3153,1767,0.3645142912864685,0,0.6666666666666667,0.0,0.12150476376215615,0.0
3153,1768,0.3910210430622101,0,0.6666666666666667,0.0,0.13034034768740332,0.0
3153,1769,0.3261941373348236,0,0.5285954792089683,0.0,0.1537693909951665,0.0
3153,1770,0.2363457977771759,0,0.2546440075000701,0.0,0.17616175667539466,0.0
3153,1771,0.3307592570781708,0,0.0,0.0,0.3307592570781708,0.0
3153,1772,0.2807045578956604,0,0.2546440075000701,0.0,0.20922482434957398,0.0
3153,1773,0.3695363998413086,0,0.5285954792089683,0.0,0.17420112948203514,0.0
3153,1774,0.3380182087421417,0,0.6666666666666667,0.0,0.11267273624738056,0.0
3153,1775,0.35155755281448364,1,1.0,0.44921812415122986,0.0,0.5507818460464478
3153,1776,0.36326470971107483,0,0.6666666666666667,0.0,0.12108823657035825,0.0
3153,1777,0.37286651134490967,0,0.33333333333333337,0.0,0.24857767422993976,0.0
3153,1778,0.36598193645477295,0,0.0,0.0,0.36598193645477295,0.0
3153,1779,0.270933598279953,0,0.0,0.0,0.270933598279953,0.0
3153,1780,0.39039257168769836,0,0.0,0.0,0.39039257168769836,0.0
3153,1781,0.3069811463356018,0,0.0,0.0,0.3069811463356018,0.0
3153,1782,0.22988684475421906,0,0.0,0.0,0.22988684475421906,0.0
3153,1783,0.2851905822753906,0,0.0,0.0,0.2851905822753906,0.0
3153,1784,0.20798151195049286,0,0.0,0.0,0.20798151195049286,0.0
3153,1785,0.24537701904773712,0,0.0,0.0,0.24537701904773712,0.0
3153,1786,0.25246119499206543,0,0.0,0.0,0.25246119499206543,0.0
3153,1787,0.23035576939582825,0,0.0,0.0,0.23035576939582825,0.0
3153,1788,0.2459547370672226,0,0.0,0.0,0.2459547370672226,0.0
3154,1728,0.0022255924995988607,0,0.0,0.0,0.0022255924995988607,0.0
3154,1729,0.002194412052631378,0,0.0,0.0,0.002194412052631378,0.0
3154,1730,0.00247194548137486,0,0.0,0.0,0.00247194548137486,0.0
3154,1731,0.0032772680278867483,0,0.0,0.0,0.0032772680278867483,0.0
3154,1732,0.004682503640651703,0,0.0,0.0,0.004682503640651703,0.0
3154,1733,0.006030567456036806,0,0.0,0.0,0.006030567456036806,0.0
3154,1734,0.004523396957665682,0,0.0,0.0,0.004523396957665682,0.0
3154,1735,0.0035586815793067217,0,0.0,0.0,0.0035586815793067217,0.0
3154,1736,0.00432181591168046,0,0.0,0.0,0.00432181591168046,0.0
3154,1737,0.004299298394471407,0,0.0,0.0,0.004299298394471407,0.0
3154,1738,0.004693017341196537,0,0.0,0.0,0.004693017341196537,0.0
3154,1739,0.005187537986785173,0,0.0,0.0,0.005187537986785173,0.0
3154,1740,0.005240194965153933,0,0.0,0.0,0.005240194965153933,0.0
3154,1741,0.006364974658936262,0,0.0,0.0,0.006364974658936262,0.0
3154,1742,0.008759899064898491,0,0.0,0.0,0.008759899064898491,0.0
3154,1743,0.008035159669816494,0,0.0,0.0,0.008035159669816494,0.0
3154,1744,0.008177245035767555,0,0.0,0.0,0.008177245035767555,0.0
3154,1745,0.009575000032782555,0,0.0,0.0,0.009575000032782555,0.0
3154,1746,0.008832371793687344,0,0.0,0.0,0.008832371793687344,0.0
3154,1747,0.015293613076210022,0,0.0,0.0,0.015293613076210022,0.0
3154,1748,0.028644343838095665,0,0.0,0.0,0.028644343838095665,0.0
3154,1749,0.040268879383802414,0,0.0,0.0,0.040268879383802414,0.0
3154,1750,0.053606025874614716,0,0.0,0.0,0.053606025874614716,0.0
3154,1751,0.0670575276017189,0,0.0,0.0,0.0670575276017189,0.0
3154,1752,0.06251509487628937,0,0.0,0.0,0.06251509487628937,0.0
3154,1753,0.0896083191037178,0,0.0,0.0,0.0896083191037178,0.0
3154,1754,0.15102519094944,0,0.057190958417936644,0.0,0.14238791553378963,0.0
3154,1755,0.30768266320228577,0,0.33333333333333337,0.0,0.2051217754681905,0.0
3154,1756,0.5228202939033508,0,0.6666666666666667,0.0,0.17427343130111692,0.0
3154,1757,0.5973214507102966,1,1.0,0.7132353782653809,0.0,0.28676462173461914
3154,1758,0.6711324453353882,0,0.6666666666666667,0.0,0.22371081511179602,0.0
3154,1759,0.6523256301879883,0,0.33333333333333337,0.0,0.4348837534586588,0.0
3154,1760,0.5737665295600891,0,0.057190958417936644,0.0,0.5409522718264143,0.0
3154,1761,0.4423098862171173,0,0.0,0.0,0.4423098862171173,0.0
3154,1762,0.6274259686470032,0,0.0,0.0,0.6274259686470032,0.0
3154,1763,0.6087042093276978,0,0.33333333333333337,0.0,0.40580280621846515,0.0
3154,1764,0.5859984159469604,0,0.6666666666666667,0.0,0.19533280531565345,0.0
3154,1765,0.4400661289691925,1,1.0,0.5966132283210754,0.0,0.40338677167892456
3154,1766,0.4838063716888428,0,0.6666666666666667,0.0,0.16126879056294754,0.0
3154,1767,0.20567357540130615,0,0.33333333333333337,0.0,0.1371157169342041,0.0
3154,1768,0.25238147377967834,0,0.33333333333333337,0.0,0.1682543158531189,0.0
3154,1769,0.3087843656539917,0,0.2546440075000701,0.0,0.23015427733049224,0.0
3154,1770,0.3939119577407837,0,0.057190958417936644,0.0,0.3713837553453025,0.0
3154,1771,0.3079754710197449,0,0.0,0.0,0.3079754710197449,0.0
3154,1772,0.2517150640487671,0,0.057190958417936644,0.0,0.2373192382875858,0.0
3154,1773,0.3844040334224701,0,0.33333333333333337,0.0,0.25626935561498004,0.0
3154,1774,0.42479678988456726,0,0.6666666666666667,0.0,0.1415989299615224,0.0
3154,1775,0.4113391041755676,1,1.0,0.44921812415122986,0.0,0.5507818460464478
3154,1776,0.4392433166503906,0,0.6666666666666667,0.0,0.1464144388834635,0.0
3154,1777,0.39493244886398315,0,0.33333333333333337,0.0,0.2632882992426554,0.0
3154,1778,0.3657165467739105,0,0.0,0.0,0.3657165467739105,0.0
3154,1779,0.36995556950569153,0,0.0,0.0,0.36995556950569153,0.0
3154,1780,0.385836660861969,0,0.0,0.0,0.385836660861969,0.0
3154,1781,0.3202791213989258,0,0.0,0.0,0.3202791213989258,0.0
3154,1782,0.24830932915210724,0,0.0,0.0,0.24830932915210724,0.0
3154,1783,0.28234365582466125,0,0.0,0.0,0.28234365582466125,0.0
3154,1784,0.2311794012784958,0,0.0,0.0,0.2311794012784958,0.0
3154,1785,0.2500162422657013,0,0.0,0.0,0.2500162422657013,0.0
3154,1786,0.16715949773788452,0,0.0,0.0,0.16715949773788452,0.0
3154,1787,0.25318387150764465,0,0.0,0.0,0.25318387150764465,0.0
3154,1788,0.246854767203331,0,0.0,0.0,0.246854767203331,0.0
3155,1728,0.002398907206952572,0,0.0,0.0,0.002398907206952572,0.0
3155,1729,0.002509241458028555,0,0.0,0.0,0.002509241458028555,0.0
3155,1730,0.002970584435388446,0,0.0,0.0,0.002970584435388446,0.0
3155,1731,0.003512707771733403,0,0.0,0.0,0.003512707771733403,0.0
3155,1732,0.00554518261924386,0,0.0,0.0,0.00554518261924386,0.0
3155,1733,0.0059640840627253056,0,0.0,0.0,0.0059640840627253056,0.0
3155,1734,0.005098921246826649,0,0.0,0.0,0.005098921246826649,0.0
3155,1735,0.004421438090503216,0,0.0,0.0,0.004421438090503216,0.0
3155,1736,0.004847897682338953,0,0.0,0.0,0.004847897682338953,0.0
3155,1737,0.0055822525173425674,0,0.0,0.0,0.0055822525173425674,0.0
3155,1738,0.00525232870131731,0,0.0,0.0,0.00525232870131731,0.0
3155,1739,0.004564664792269468,0,0.0,0.0,0.004564664792269468,0.0
3155,1740,0.0053922152146697044,0,0.0,0.0,0.0053922152146697044,0.0
3155,1741,0.006142066791653633,0,0.0,0.0,0.006142066791653633,0.0
3155,1742,0.006536445114761591,0,0.0,0.0,0.006536445114761591,0.0
3155,1743,0.006215052213519812,0,0.0,0.0,0.006215052213519812,0.0
3155,1744,0.008660000748932362,0,0.0,0.0,0.008660000748932362,0.0
3155,1745,0.008966212160885334,0,0.0,0.0,0.008966212160885334,0.0
3155,1746,0.009271696209907532,0,0.0,0.0,0.009271696209907532,0.0
3155,1747,0.015214882791042328,0,0.0,0.0,0.015214882791042328,0.0
3155,1748,0.03152082860469818,0,0.0,0.0,0.03152082860469818,0.0
3155,1749,0.042506929486989975,0,0.0,0.0,0.042506929486989975,0.0
3155,1750,0.06164747476577759,0,0.0,0.0,0.06164747476577759,0.0
3155,1751,0.08950291574001312,0,0.0,0.0,0.08950291574001312,0.0
3155,1752,0.06685978919267654,0,0.0,0.0,0.06685978919267654,0.0
3155,1753,0.09840083122253418,0,0.0,0.0,0.09840083122253418,0.0
3155,1754,0.24333709478378296,0,0.2546440075000701,0.0,0.18137276179461606,0.0
3155,1755,0.4975169897079468,0,0.5285954792089683,0.0,0.2345317581186713,0.0
3155,1756,0.6199175119400024,0,0.6666666666666667,0.0,0.20663917064666742,0.0
3155,1757,0.6472678780555725,1,1.0,0.7132353782653809,0.0,0.28676462173461914
3155,1758,0.6595231890678406,0,0.6666666666666667,0.0,0.21984106302261347,0.0
3155,1759,0.6440431475639343,0,0.33333333333333337,0.0,0.4293620983759562,0.0
3155,1760,0.6051613688468933,0,0.0,0.0,0.6051613688468933,0.0
3155,1761,0.38839399814605713,0,0.0,0.0,0.38839399814605713,0.0
3155,1762,0.6230278611183167,0,0.0,0.0,0.6230278611183167,0.0
3155,1763,0.5494334101676941,0,0.33333333333333337,0.0,0.366288940111796,0.0
3155,1764,0.5288248062133789,0,0.6666666666666667,0.0,0.1762749354044596,0.0
3155,1765,0.5966132283210754,1,1.0,0.5966132283210754,0.0,0.40338677167892456
3155,1766,0.3926250636577606,0,0.6666666666666667,0.0,0.1308750212192535,0.0
3155,1767,0.3646359145641327,0,0.33333333333333337,0.0,0.24309060970942178,0.0
3155,1768,0.29563775658607483,0,0.0,0.0,0.29563775658607483,0.0
3155,1769,0.22114695608615875,0,0.0,0.0,0.22114695608615875,0.0
3155,1770,0.3752419650554657,0,0.0,0.0,0.3752419650554657,0.0
3155,1771,0.3414061367511749,0,0.0,0.0,0.3414061367511749,0.0
3155,1772,0.2548976540565491,0,0.0,0.0,0.2548976540565491,0.0
3155,1773,0.43119946122169495,0,0.33333333333333337,0.0,0.28746630748112995,0.0
3155,1774,0.43655627965927124,0,0.6666666666666667,0.0,0.1455187598864237,0.0
3155,1775,0.28619498014450073,1,1.0,0.44921812415122986,0.0,0.5507818460464478
3155,1776,0.4162517786026001,0,0.6666666666666667,0.0,0.13875059286753333,0.0
3155,1777,0.4216664135456085,0,0.33333333333333337,0.0,0.281110942363739,0.0
3155,1778,0.24431449174880981,0,0.057190958417936644,0.0,0.2303419118103043,0.0
3155,1779,0.3951963782310486,0,0.0,0.0,0.3951963782310486,0.0
3155,1780,0.365001916885376,0,0.0,0.0,0.365001916885376,0.0
3155,1781,0.3435514569282532,0,0.0,0.0,0.3435514569282532,0.0
3155,1782,0.27826473116874695,0,0.0,0.0,0.27826473116874695,0.0
3155,1783,0.3089209198951721,0,0.0,0.0,0.3089209198951721,0.0
3155,1784,0.23749379813671112,0,0.0,0.0,0.23749379813671112,0.0
3155,1785,0.2902999818325043,0,0.0,0.0,0.2902999818325043,0.0
3155,1786,0.3114081621170044,0,0.0,0.0,0.3114081621170044,0.0
3155,1787,0.3008679449558258,0,0.0,0.0,0.3008679449558258,0.0
3155,1788,0.26560014486312866,0,0.0,0.0,0.26560014486312866,0.0
3156,1728,0.0035256696864962578,0,0.0,0.0,0.0035256696864962578,0.0
3156,1729,0.003305262653157115,0,0.0,0.0,0.003305262653157115,0.0
3156,1730,0.0028366995975375175,0,0.0,0.0,0.0028366995975375175,0.0
3156,1731,0.00435236981138587,0,0.0,0.0,0.00435236981138587,0.0
3156,1732,0.005649701692163944,0,0.0,0.0,0.005649701692163944,0.0
3156,1733,0.004738557618111372,0,0.0,0.0,0.004738557618111372,0.0
3156,1734,0.0049230195581912994,0,0.0,0.0,0.0049230195581912994,0.0
3156,1735,0.0036795507185161114,0,0.0,0.0,0.0036795507185161114,0.0
3156,1736,0.004401656799018383,0,0.0,0.0,0.004401656799018383,0.0
3156,1737,0.004666523076593876,0,0.0,0.0,0.004666523076593876,0.0
3156,1738,0.005093811545521021,0,0.0,0.0,0.005093811545521021,0.0
3156,1739,0.005326215177774429,0,0.0,0.0,0.005326215177774429,0.0
3156,1740,0.006004217080771923,0,0.0,0.0,0.006004217080771923,0.0
3156,1741,0.005525078158825636,0,0.0,0.0,0.005525078158825636,0.0
3156,1742,0.005187889561057091,0,0.0,0.0,0.005187889561057091,0.0
3156,1743,0.006172021385282278,0,0.0,0.0,0.006172021385282278,0.0
3156,1744,0.009015658870339394,0,0.0,0.0,0.009015658870339394,0.0
3156,1745,0.009438514709472656,0,0.0,0.0,0.009438514709472656,0.0
3156,1746,0.009401383809745312,0,0.0,0.0,0.009401383809745312,0.0
3156,1747,0.014682326465845108,0,0.0,0.0,0.014682326465845108,0.0
3156,1748,0.028860241174697876,0,0.0,0.0,0.028860241174697876,0.0
3156,1749,0.047541357576847076,0,0.0,0.0,0.047541357576847076,0.0
3156,1750,0.05109607055783272,0,0.0,0.0,0.05109607055783272,0.0
3156,1751,0.080593042075634,0,0.0,0.0,0.080593042075634,0.0
3156,1752,0.05070510506629944,0,0.0,0.0,0.05070510506629944,0.0
3156,1753,0.11286316812038422,0,0.0,0.0,0.11286316812038422,0.0
3156,1754,0.2508324384689331,0,0.33333333333333337,0.0,0.16722162564595539,0.0
3156,1755,0.5646873116493225,0,0.6666666666666667,0.0,0.18822910388310746,0.0
3156,1756,0.6710179448127747,1,1.0,0.7132353782653809,0.0,0.28676462173461914
3156,1757,0.6405825018882751,0,0.6666666666666667,0.0,0.213527500629425,0.0
3156,1758,0.6152345538139343,0,0.5285954792089683,0.0,0.2900243500147419,0.0
3156,1759,0.6192328333854675,0,0.2546440075000701,0.0,0.4615489031165689,0.0
3156,1760,0.5108258128166199,0,0.0,0.0,0.5108258128166199,0.0
3156,1761,0.45784062147140503,0,0.0,0.0,0.45784062147140503,0.0
3156,1762,0.478153795003891,0,0.0,0.0,0.478153795003891,0.0
3156,1763,0.4870421886444092,0,0.33333333333333337,0.0,0.3246947924296061,0.0
3156,1764,0.4612794816493988,0,0.6666666666666667,0.0,0.15375982721646622,0.0
3156,1765,0.45117029547691345,1,1.0,0.5966132283210754,0.0,0.40338677167892456
3156,1766,0.4612886905670166,0,0.6666666666666667,0.0,0.15376289685567215,0.0
3156,1767,0.47538575530052185,0,0.33333333333333337,0.0,0.31692383686701453,0.0
3156,1768,0.30598917603492737,0,0.0,0.0,0.30598917603492737,0.0
3156,1769,0.2854536473751068,0,0.0,0.0,0.2854536473751068,0.0
3156,1770,0.31145745515823364,0,0.0,0.0,0.31145745515823364,0.0
3156,1771,0.20409640669822693,0,0.0,0.0,0.20409640669822693,0.0
3156,1772,0.3758506774902344,0,0.0,0.0,0.3758506774902344,0.0
3156,1773,0.45613589882850647,0,0.33333333333333337,0.0,0.3040905992190043,0.0
3156,1774,0.3963458836078644,0,0.6666666666666667,0.0,0.13211529453595477,0.0
3156,1775,0.44921812415122986,1,1.0,0.44921812415122986,0.0,0.5507818460464478
3156,1776,0.45917969942092896,0,0.6666666666666667,0.0,0.1530598998069763,0.0
3156,1777,0.39875176548957825,0,0.5285954792089683,0.0,0.18797338492519247,0.0
3156,1778,0.4078083634376526,0,0.2546440075000701,0.0,0.30396240747984365,0.0
3156,1779,0.43416792154312134,0,0.0,0.0,0.43416792154312134,0.0
3156,1780,0.35110199451446533,0,0.0,0.0,0.35110199451446533,0.0
3156,1781,0.34271425008773804,0,0.0,0.0,0.34271425008773804,0.0
3156,1782,0.1624186933040619,0,0.0,0.0,0.1624186933040619,0.0
3156,1783,0.24456433951854706,0,0.0,0.0,0.24456433951854706,0.0
3156,1784,0.21442340314388275,0,0.0,0.0,0.21442340314388275,0.0
3156,1785,0.29145535826683044,0,0.0,0.0,0.29145535826683044,0.0
3156,1786,0.3251182436943054,0,0.0,0.0,0.3251182436943054,0.0
3156,1787,0.30031895637512207,0,0.0,0.0,0.30031895637512207,0.0
3156,1788,0.2545619606971741,0,0.0,0.0,0.2545619606971741,0.0
3157,1728,0.005567056592553854,0,0.0,0.0,0.005567056592553854,0.0
3157,1729,0.005922423675656319,0,0.0,0.0,0.005922423675656319,0.0
3157,1730,0.005350199993699789,0,0.0,0.0,0.005350199993699789,0.0
3157,1731,0.007747686468064785,0,0.0,0.0,0.007747686468064785,0.0
3157,1732,0.0098719522356987,0,0.0,0.0,0.0098719522356987,0.0
3157,1733,0.006795714143663645,0,0.0,0.0,0.006795714143663645,0.0
3157,1734,0.00497955409809947,0,0.0,0.0,0.00497955409809947,0.0
3157,1735,0.00358091713860631,0,0.0,0.0,0.00358091713860631,0.0
3157,1736,0.003541296813637018,0,0.0,0.0,0.003541296813637018,0.0
3157,1737,0.003041427582502365,0,0.0,0.0,0.003041427582502365,0.0
3157,1738,0.0042121522128582,0,0.0,0.0,0.0042121522128582,0.0
3157,1739,0.0045694466680288315,0,0.0,0.0,0.0045694466680288315,0.0
3157,1740,0.005495116580277681,0,0.0,0.0,0.005495116580277681,0.0
3157,1741,0.0043762316927313805,0,0.0,0.0,0.0043762316927313805,0.0
3157,1742,0.004860715940594673,0,0.0,0.0,0.004860715940594673,0.0
3157,1743,0.005640817806124687,0,0.0,0.0,0.005640817806124687,0.0
3157,1744,0.008588149212300777,0,0.0,0.0,0.008588149212300777,0.0
3157,1745,0.009308029897511005,0,0.0,0.0,0.009308029897511005,0.0
3157,1746,0.01337551511824131,0,0.0,0.0,0.01337551511824131,0.0
3157,1747,0.010316857136785984,0,0.0,0.0,0.010316857136785984,0.0
3157,1748,0.01566656492650509,0,0.0,0.0,0.01566656492650509,0.0
3157,1749,0.036285433918237686,0,0.0,0.0,0.036285433918237686,0.0
3157,1750,0.04310820624232292,0,0.0,0.0,0.04310820624232292,0.0
3157,1751,0.06652794778347015,0,0.0,0.0,0.06652794778347015,0.0
3157,1752,0.06851177662611008,0,0.0,0.0,0.06851177662611008,0.0
3157,1753,0.15005534887313843,0,0.0,0.0,0.15005534887313843,0.0
3157,1754,0.40015071630477905,0,0.33333333333333337,0.0,0.26676714420318604,0.0
3157,1755,0.5777469873428345,0,0.6666666666666667,0.0,0.1925823291142781,0.0
3157,1756,0.7132353782653809,1,1.0,0.7132353782653809,0.0,0.28676462173461914
3157,1757,0.638228178024292,0,0.6666666666666667,0.0,0.2127427260080973,0.0
3157,1758,0.6338000297546387,0,0.33333333333333337,0.0,0.4225333531697591,0.0
3157,1759,0.5973959565162659,0,0.057190958417936644,0.0,0.5632303092081006,0.0
3157,1760,0.5115801692008972,0,0.0,0.0,0.5115801692008972,0.0
3157,1761,0.5069305300712585,0,0.0,0.0,0.5069305300712585,0.0
3157,1762,0.43921056389808655,0,0.0,0.0,0.43921056389808655,0.0
3157,1763,0.4517206847667694,0,0.33333333333333337,0.0,0.30114712317784625,0.0
3157,1764,0.42854779958724976,0,0.6666666666666667,0.0,0.14284926652908322,0.0
3157,1765,0.3944751024246216,1,1.0,0.5966132283210754,0.0,0.40338677167892456
3157,1766,0.4049428105354309,0,0.6666666666666667,0.0,0.13498093684514362,0.0
3157,1767,0.4587838649749756,0,0.33333333333333337,0.0,0.305855909983317,0.0
3157,1768,0.2686235010623932,0,0.0,0.0,0.2686235010623932,0.0
3157,1769,0.19714368879795074,0,0.0,0.0,0.19714368879795074,0.0
3157,1770,0.3143583834171295,0,0.0,0.0,0.3143583834171295,0.0
3157,1771,0.26317688822746277,0,0.0,0.0,0.26317688822746277,0.0
3157,1772,0.24206848442554474,0,0.0,0.0,0.24206848442554474,0.0
3157,1773,0.399983286857605,0,0.2546440075000701,0.0,0.2981299397591343,0.0
3157,1774,0.449246346950531,0,0.5285954792089683,0.0,0.21177675890133663,0.0
3157,1775,0.4862639307975769,0,0.6666666666666667,0.0,0.1620879769325256,0.0
3157,1776,0.421099990606308,1,1.0,0.44921812415122986,0.0,0.5507818460464478
3157,1777,0.37071990966796875,0,0.6666666666666667,0.0,0.12357330322265622,0.0
3157,1778,0.3529559373855591,0,0.33333333333333337,0.0,0.23530395825703937,0.0
3157,1779,0.2696077823638916,0,0.0,0.0,0.2696077823638916,0.0
3157,1780,0.2707975506782532,0,0.0,0.0,0.2707975506782532,0.0
3157,1781,0.2652287483215332,0,0.0,0.0,0.2652287483215332,0.0
3157,1782,0.23084405064582825,0,0.0,0.0,0.23084405064582825,0.0
3157,1783,0.25328296422958374,0,0.0,0.0,0.25328296422958374,0.0
3157,1784,0.27917924523353577,0,0.0,0.0,0.27917924523353577,0.0
3157,1785,0.3231382668018341,0,0.0,0.0,0.3231382668018341,0.0
3157,1786,0.33443012833595276,0,0.0,0.0,0.33443012833595276,0.0
3157,1787,0.2590552270412445,0,0.0,0.0,0.2590552270412445,0.0
3157,1788,0.28562209010124207,0,0.0,0.0,0.28562209010124207,0.0
3158,1728,0.006996959913522005,0,0.0,0.0,0.006996959913522005,0.0
3158,1729,0.007316844072192907,0,0.0,0.0,0.007316844072192907,0.0
3158,1730,0.009721636772155762,0,0.0,0.0,0.009721636772155762,0.0
3158,1731,0.011912912130355835,0,0.0,0.0,0.011912912130355835,0.0
3158,1732,0.008664313703775406,0,0.0,0.0,0.008664313703775406,0.0
3158,1733,0.0061709703877568245,0,0.0,0.0,0.0061709703877568245,0.0
3158,1734,0.005849024280905724,0,0.0,0.0,0.005849024280905724,0.0
3158,1735,0.005633175373077393,0,0.0,0.0,0.005633175373077393,0.0
3158,1736,0.0071218013763427734,0,0.0,0.0,0.0071218013763427734,0.0
3158,1737,0.005102067720144987,0,0.0,0.0,0.005102067720144987,0.0
3158,1738,0.006800748873502016,0,0.0,0.0,0.006800748873502016,0.0
3158,1739,0.004189714323729277,0,0.0,0.0,0.004189714323729277,0.0
3158,1740,0.005332517437636852,0,0.0,0.0,0.005332517437636852,0.0
3158,1741,0.004682811908423901,0,0.0,0.0,0.004682811908423901,0.0
3158,1742,0.005151069723069668,0,0.0,0.0,0.005151069723069668,0.0
3158,1743,0.005237001925706863,0,0.0,0.0,0.005237001925706863,0.0
3158,1744,0.008678512647747993,0,0.0,0.0,0.008678512647747993,0.0
3158,1745,0.012387650087475777,0,0.0,0.0,0.012387650087475777,0.0
3158,1746,0.012598787434399128,0,0.0,0.0,0.012598787434399128,0.0
3158,1747,0.007840222679078579,0,0.0,0.0,0.007840222679078579,0.0
3158,1748,0.015759706497192383,0,0.0,0.0,0.015759706497192383,0.0
3158,1749,0.024256154894828796,0,0.0,0.0,0.024256154894828796,0.0
3158,1750,0.03358707204461098,0,0.0,0.0,0.03358707204461098,0.0
3158,1751,0.06318919360637665,0,0.0,0.0,0.06318919360637665,0.0
3158,1752,0.038285333663225174,0,0.0,0.0,0.038285333663225174,0.0
3158,1753,0.11994633823633194,0,0.0,0.0,0.11994633823633194,0.0
3158,1754,0.40704667568206787,0,0.33333333333333337,0.0,0.2713644504547119,0.0
3158,1755,0.6312018036842346,0,0.6666666666666667,0.0,0.21040060122807816,0.0
3158,1756,0.6789518594741821,1,1.0,0.7132353782653809,0.0,0.28676462173461914
3158,1757,0.3442606031894684,0,0.6666666666666667,0.0,0.11475353439648943,0.0
3158,1758,0.5074916481971741,0,0.33333333333333337,0.0,0.3383277654647827,0.0
3158,1759,0.5115792751312256,0,0.0,0.0,0.5115792751312256,0.0
3158,1760,0.44368264079093933,0,0.0,0.0,0.44368264079093933,0.0
3158,1761,0.31909388303756714,0,0.0,0.0,0.31909388303756714,0.0
3158,1762,0.4741058349609375,0,0.0,0.0,0.4741058349609375,0.0
3158,1763,0.4572291374206543,0,0.33333333333333337,0.0,0.30481942494710285,0.0
3158,1764,0.2758308947086334,0,0.6666666666666667,0.0,0.09194363156954445,0.0
3158,1765,0.3989662528038025,1,1.0,0.5966132283210754,0.0,0.40338677167892456
3158,1766,0.3976263701915741,0,0.6666666666666667,0.0,0.13254212339719135,0.0
3158,1767,0.42453625798225403,0,0.33333333333333337,0.0,0.2830241719881693,0.0
3158,1768,0.3918674886226654,0,0.0,0.0,0.3918674886226654,0.0
3158,1769,0.25763216614723206,0,0.0,0.0,0.25763216614723206,0.0
3158,1770,0.22019648551940918,0,0.0,0.0,0.22019648551940918,0.0
3158,1771,0.2273380309343338,0,0.0,0.0,0.2273380309343338,0.0
3158,1772,0.3089996576309204,0,0.0,0.0,0.3089996576309204,0.0
3158,1773,0.2925169765949249,0,0.057190958417936644,0.0,0.275787650349944,0.0
3158,1774,0.4328676164150238,0,0.33333333333333337,0.0,0.2885784109433492,0.0
3158,1775,0.44326403737068176,0,0.6666666666666667,0.0,0.14775467912356055,0.0
3158,1776,0.4198172092437744,1,1.0,0.44921812415122986,0.0,0.5507818460464478
3158,1777,0.344539999961853,0,0.6666666666666667,0.0,0.11484666665395098,0.0
3158,1778,0.3420736491680145,0,0.33333333333333337,0.0,0.22804909944534302,0.0
3158,1779,0.21169762313365936,0,0.0,0.0,0.21169762313365936,0.0
3158,1780,0.20809513330459595,0,0.0,0.0,0.20809513330459595,0.0
3158,1781,0.26890993118286133,0,0.0,0.0,0.26890993118286133,0.0
3158,1782,0.17723385989665985,0,0.0,0.0,0.17723385989665985,0.0
3158,1783,0.2584579885005951,0,0.0,0.0,0.2584579885005951,0.0
3158,1784,0.3141832649707794,0,0.0,0.0,0.3141832649707794,0.0
3158,1785,0.3304992616176605,0,0.0,0.0,0.3304992616176605,0.0
3158,1786,0.36949750781059265,0,0.0,0.0,0.36949750781059265,0.0
3158,1787,0.2700187861919403,0,0.0,0.0,0.2700187861919403,0.0
3158,1788,0.29371485114097595,0,0.0,0.0,0.29371485114097595,0.0
3159,1728,0.011053206399083138,0,0.0,0.0,0.011053206399083138,0.0
3159,1729,0.01239931583404541,0,0.0,0.0,0.01239931583404541,0.0
3159,1730,0.011455271393060684,0,0.0,0.0,0.011455271393060684,0.0
3159,1731,0.010261045768857002,0,0.0,0.0,0.010261045768857002,0.0
3159,1732,0.009121043607592583,0,0.0,0.0,0.009121043607592583,0.0
3159,1733,0.006941508036106825,0,0.0,0.0,0.006941508036106825,0.0
3159,1734,0.006874424871057272,0,0.0,0.0,0.006874424871057272,0.0
3159,1735,0.008413325995206833,0,0.0,0.0,0.008413325995206833,0.0
3159,1736,0.009293935261666775,0,0.0,0.0,0.009293935261666775,0.0
3159,1737,0.005962927360087633,0,0.0,0.0,0.005962927360087633,0.0
3159,1738,0.007918047718703747,0,0.0,0.0,0.007918047718703747,0.0
3159,1739,0.007706501055508852,0,0.0,0.0,0.007706501055508852,0.0
3159,1740,0.008741853758692741,0,0.0,0.0,0.008741853758692741,0.0
3159,1741,0.009394128806889057,0,0.0,0.0,0.009394128806889057,0.0
3159,1742,0.011048849672079086,0,0.0,0.0,0.011048849672079086,0.0
3159,1743,0.012143468484282494,0,0.0,0.0,0.012143468484282494,0.0
3159,1744,0.025889558717608452,0,0.0,0.0,0.025889558717608452,0.0
3159,1745,0.0305702555924654,0,0.0,0.0,0.0305702555924654,0.0
3159,1746,0.025293000042438507,0,0.0,0.0,0.025293000042438507,0.0
3159,1747,0.02389557845890522,0,0.0,0.0,0.02389557845890522,0.0
3159,1748,0.04323611035943031,0,0.0,0.0,0.04323611035943031,0.0
3159,1749,0.06013766676187515,0,0.0,0.0,0.06013766676187515,0.0
3159,1750,0.08898904174566269,0,0.0,0.0,0.08898904174566269,0.0
3159,1751,0.10745178163051605,0,0.0,0.0,0.10745178163051605,0.0
3159,1752,0.09319054335355759,0,0.0,0.0,0.09319054335355759,0.0
3159,1753,0.20027987658977509,0,0.0,0.0,0.20027987658977509,0.0
3159,1754,0.4009106457233429,0,0.33333333333333337,0.0,0.2672737638155619,0.0
3159,1755,0.5577420592308044,0,0.6666666666666667,0.0,0.18591401974360144,0.0
3159,1756,0.6518365144729614,1,1.0,0.7132353782653809,0.0,0.28676462173461914
3159,1757,0.559235155582428,0,0.6666666666666667,0.0,0.18641171852747596,0.0
3159,1758,0.5865373611450195,0,0.33333333333333337,0.0,0.391024907430013,0.0
3159,1759,0.5315943360328674,0,0.0,0.0,0.5315943360328674,0.0
3159,1760,0.4774631857872009,0,0.0,0.0,0.4774631857872009,0.0
3159,1761,0.41342559456825256,0,0.0,0.0,0.41342559456825256,0.0
3159,1762,0.4062764048576355,0,0.0,0.0,0.4062764048576355,0.0
3159,1763,0.4726299047470093,0,0.33333333333333337,0.0,0.31508660316467285,0.0
3159,1764,0.4960640072822571,0,0.6666666666666667,0.0,0.16535466909408567,0.0
3159,1765,0.43433523178100586,1,1.0,0.5606703758239746,0.0,0.4393296241760254
3159,1766,0.39156922698020935,0,0.6666666666666667,0.0,0.13052307566006977,0.0
3159,1767,0.4260208308696747,0,0.33333333333333337,0.0,0.28401388724644977,0.0
3159,1768,0.3446362614631653,0,0.0,0.0,0.3446362614631653,0.0
3159,1769,0.25848689675331116,0,0.0,0.0,0.25848689675331116,0.0
3159,1770,0.19505873322486877,0,0.0,0.0,0.19505873322486877,0.0
3159,1771,0.23669499158859253,0,0.0,0.0,0.23669499158859253,0.0
3159,1772,0.34422534704208374,0,0.0,0.0,0.34422534704208374,0.0
3159,1773,0.23186196386814117,0,0.0,0.0,0.23186196386814117,0.0
3159,1774,0.2919784188270569,0,0.33333333333333337,0.0,0.1946522792180379,0.0
3159,1775,0.37138909101486206,0,0.6666666666666667,0.0,0.12379636367162065,0.0
3159,1776,0.3657066226005554,1,1.0,0.44921812415122986,0.0,0.5507818460464478
3159,1777,0.22885583341121674,0,0.6666666666666667,0.0,0.0762852778037389,0.0
3159,1778,0.36348626017570496,0,0.33333333333333337,0.0,0.24232417345046997,0.0
3159,1779,0.20938681066036224,0,0.0,0.0,0.20938681066036224,0.0
3159,1780,0.24485425651073456,0,0.0,0.0,0.24485425651073456,0.0
3159,1781,0.2757500410079956,0,0.0,0.0,0.2757500410079956,0.0
3159,1782,0.254917711019516,0,0.0,0.0,0.254917711019516,0.0
3159,1783,0.28930729627609253,0,0.0,0.0,0.28930729627609253,0.0
3159,1784,0.33628708124160767,0,0.0,0.0,0.33628708124160767,0.0
3159,1785,0.312494158744812,0,0.0,0.0,0.312494158744812,0.0
3159,1786,0.298118531703949,0,0.0,0.0,0.298118531703949,0.0
3159,1787,0.2869298756122589,0,0.0,0.0,0.2869298756122589,0.0
3159,1788,0.2966654598712921,0,0.0,0.0,0.2966654598712921,0.0
3160,1728,0.014287310652434826,0,0.0,0.0,0.014287310652434826,0.0
3160,1729,0.019004635512828827,0,0.0,0.0,0.019004635512828827,0.0
3160,1730,0.012521428987383842,0,0.0,0.0,0.012521428987383842,0.0
3160,1731,0.0075578223913908005,0,0.0,0.0,0.0075578223913908005,0.0
3160,1732,0.008647696115076542,0,0.0,0.0,0.008647696115076542,0.0
3160,1733,0.007429023738950491,0,0.0,0.0,0.007429023738950491,0.0
3160,1734,0.0065706041641533375,0,0.0,0.0,0.0065706041641533375,0.0
3160,1735,0.007630559615790844,0,0.0,0.0,0.007630559615790844,0.0
3160,1736,0.010507372207939625,0,0.0,0.0,0.010507372207939625,0.0
3160,1737,0.0102806705981493,0,0.0,0.0,0.0102806705981493,0.0
3160,1738,0.009826194494962692,0,0.0,0.0,0.009826194494962692,0.0
3160,1739,0.010406062006950378,0,0.0,0.0,0.010406062006950378,0.0
3160,1740,0.01181777659803629,0,0.0,0.0,0.01181777659803629,0.0
3160,1741,0.014034954831004143,0,0.0,0.0,0.014034954831004143,0.0
3160,1742,0.015118622221052647,0,0.0,0.0,0.015118622221052647,0.0
3160,1743,0.017292268574237823,0,0.0,0.0,0.017292268574237823,0.0
3160,1744,0.03830801323056221,0,0.0,0.0,0.03830801323056221,0.0
3160,1745,0.03372151032090187,0,0.0,0.0,0.03372151032090187,0.0
3160,1746,0.021701183170080185,0,0.0,0.0,0.021701183170080185,0.0
3160,1747,0.028810808435082436,0,0.0,0.0,0.028810808435082436,0.0
3160,1748,0.05771540105342865,0,0.0,0.0,0.05771540105342865,0.0
3160,1749,0.06207345053553581,0,0.0,0.0,0.06207345053553581,0.0
3160,1750,0.09357500076293945,0,0.0,0.0,0.09357500076293945,0.0
3160,1751,0.09686088562011719,0,0.0,0.0,0.09686088562011719,0.0
3160,1752,0.13078738749027252,0,0.0,0.0,0.13078738749027252,0.0
3160,1753,0.19362188875675201,0,0.0,0.0,0.19362188875675201,0.0
3160,1754,0.33611366152763367,0,0.33333333333333337,0.0,0.22407577435175577,0.0
3160,1755,0.5158510804176331,0,0.6666666666666667,0.0,0.17195036013921097,0.0
3160,1756,0.6152834296226501,1,1.0,0.7132353782653809,0.0,0.28676462173461914
3160,1757,0.5862144827842712,0,0.6666666666666667,0.0,0.19540482759475702,0.0
3160,1758,0.35152092576026917,0,0.33333333333333337,0.0,0.23434728384017944,0.0
3160,1759,0.5492429137229919,0,0.0,0.0,0.5492429137229919,0.0
3160,1760,0.4428732097148895,0,0.0,0.0,0.4428732097148895,0.0
3160,1761,0.4559010863304138,0,0.0,0.0,0.4559010863304138,0.0
3160,1762,0.36250945925712585,0,0.0,0.0,0.36250945925712585,0.0
3160,1763,0.4874965250492096,0,0.33333333333333337,0.0,0.3249976833661397,0.0
3160,1764,0.5002232193946838,0,0.6666666666666667,0.0,0.16674107313156125,0.0
3160,1765,0.5246044397354126,1,1.0,0.5606703758239746,0.0,0.4393296241760254
3160,1766,0.5229846239089966,0,0.6666666666666667,0.0,0.1743282079696655,0.0
3160,1767,0.4781542718410492,0,0.33333333333333337,0.0,0.31876951456069946,0.0
3160,1768,0.43575188517570496,0,0.0,0.0,0.43575188517570496,0.0
3160,1769,0.29324889183044434,0,0.0,0.0,0.29324889183044434,0.0
3160,1770,0.21976719796657562,0,0.0,0.0,0.21976719796657562,0.0
3160,1771,0.3067547380924225,0,0.0,0.0,0.3067547380924225,0.0
3160,1772,0.22819432616233826,0,0.0,0.0,0.22819432616233826,0.0
3160,1773,0.2832643985748291,0,0.0,0.0,0.2832643985748291,0.0
3160,1774,0.26897379755973816,0,0.33333333333333337,0.0,0.17931586503982544,0.0
3160,1775,0.2981579303741455,0,0.6666666666666667,0.0,0.09938597679138181,0.0
3160,1776,0.40177690982818604,1,1.0,0.421099990606308,0.0,0.5788999795913696
3160,1777,0.33984559774398804,0,0.6666666666666667,0.0,0.11328186591466266,0.0
3160,1778,0.4222381114959717,0,0.33333333333333337,0.0,0.28149207433064777,0.0
3160,1779,0.24783790111541748,0,0.0,0.0,0.24783790111541748,0.0
3160,1780,0.23613405227661133,0,0.0,0.0,0.23613405227661133,0.0
3160,1781,0.2819083034992218,0,0.0,0.0,0.2819083034992218,0.0
3160,1782,0.20807763934135437,0,0.0,0.0,0.20807763934135437,0.0
3160,1783,0.30273112654685974,0,0.0,0.0,0.30273112654685974,0.0
3160,1784,0.32297027111053467,0,0.0,0.0,0.32297027111053467,0.0
3160,1785,0.3462977707386017,0,0.0,0.0,0.3462977707386017,0.0
3160,1786,0.32099276781082153,0,0.0,0.0,0.32099276781082153,0.0
3160,1787,0.270126610994339,0,0.0,0.0,0.270126610994339,0.0
3160,1788,0.2566303610801697,0,0.0,0.0,0.2566303610801697,0.0
3161,1728,0.01243988424539566,0,0.0,0.0,0.01243988424539566,0.0
3161,1729,0.017238134518265724,0,0.0,0.0,0.017238134518265724,0.0
3161,1730,0.016765380278229713,0,0.0,0.0,0.016765380278229713,0.0
3161,1731,0.00961968395859003,0,0.0,0.0,0.00961968395859003,0.0
3161,1732,0.008583788760006428,0,0.0,0.0,0.008583788760006428,0.0
3161,1733,0.007813235744833946,0,0.0,0.0,0.007813235744833946,0.0
3161,1734,0.007922407239675522,0,0.0,0.0,0.007922407239675522,0.0
3161,1735,0.007894429378211498,0,0.0,0.0,0.007894429378211498,0.0
3161,1736,0.01801803894340992,0,0.0,0.0,0.01801803894340992,0.0
3161,1737,0.011489279568195343,0,0.0,0.0,0.011489279568195343,0.0
3161,1738,0.011303226463496685,0,0.0,0.0,0.011303226463496685,0.0
3161,1739,0.01031600683927536,0,0.0,0.0,0.01031600683927536,0.0
3161,1740,0.011144670657813549,0,0.0,0.0,0.011144670657813549,0.0
3161,1741,0.012740504927933216,0,0.0,0.0,0.012740504927933216,0.0
3161,1742,0.015258809551596642,0,0.0,0.0,0.015258809551596642,0.0
3161,1743,0.027919316664338112,0,0.0,0.0,0.027919316664338112,0.0
3161,1744,0.038488443940877914,0,0.0,0.0,0.038488443940877914,0.0
3161,1745,0.02659931778907776,0,0.0,0.0,0.02659931778907776,0.0
3161,1746,0.028810106217861176,0,0.0,0.0,0.028810106217861176,0.0
3161,1747,0.03907087445259094,0,0.0,0.0,0.03907087445259094,0.0
3161,1748,0.1065758764743805,0,0.0,0.0,0.1065758764743805,0.0
3161,1749,0.08468502759933472,0,0.0,0.0,0.08468502759933472,0.0
3161,1750,0.1118689775466919,0,0.0,0.0,0.1118689775466919,0.0
3161,1751,0.1073266789317131,0,0.0,0.0,0.1073266789317131,0.0
3161,1752,0.14405016601085663,0,0.0,0.0,0.14405016601085663,0.0
3161,1753,0.20572108030319214,0,0.0,0.0,0.20572108030319214,0.0
3161,1754,0.3309530019760132,0,0.33333333333333337,0.0,0.22063533465067545,0.0
3161,1755,0.4629037380218506,0,0.6666666666666667,0.0,0.15430124600728348,0.0
3161,1756,0.5403680205345154,1,1.0,0.6789518594741821,0.0,0.32104814052581787
3161,1757,0.5911946892738342,0,0.6666666666666667,0.0,0.19706489642461136,0.0
3161,1758,0.6393047571182251,0,0.33333333333333337,0.0,0.42620317141215003,0.0
3161,1759,0.5443251132965088,0,0.057190958417936644,0.0,0.5131946383761296,0.0
3161,1760,0.5611139535903931,0,0.0,0.0,0.5611139535903931,0.0
3161,1761,0.5421486496925354,0,0.0,0.0,0.5421486496925354,0.0
3161,1762,0.5130613446235657,0,0.0,0.0,0.5130613446235657,0.0
3161,1763,0.48665139079093933,0,0.33333333333333337,0.0,0.32443426052729285,0.0
3161,1764,0.49147140979766846,0,0.6666666666666667,0.0,0.16382380326588944,0.0
3161,1765,0.5606703758239746,1,1.0,0.5606703758239746,0.0,0.4393296241760254
3161,1766,0.5861496925354004,0,0.6666666666666667,0.0,0.19538323084513343,0.0
3161,1767,0.46281278133392334,0,0.33333333333333337,0.0,0.30854185422261554,0.0
3161,1768,0.3328632414340973,0,0.0,0.0,0.3328632414340973,0.0
3161,1769,0.25518929958343506,0,0.0,0.0,0.25518929958343506,0.0
3161,1770,0.2621508240699768,0,0.0,0.0,0.2621508240699768,0.0
3161,1771,0.3505890369415283,0,0.0,0.0,0.3505890369415283,0.0
3161,1772,0.33501777052879333,0,0.0,0.0,0.33501777052879333,0.0
3161,1773,0.25565293431282043,0,0.0,0.0,0.25565293431282043,0.0
3161,1774,0.3029284179210663,0,0.33333333333333337,0.0,0.2019522786140442,0.0
3161,1775,0.31195345520973206,0,0.6666666666666667,0.0,0.10398448506991066,0.0
3161,1776,0.286775678396225,1,1.0,0.4198172092437744,0.0,0.5801827907562256
3161,1777,0.4176318943500519,0,0.6666666666666667,0.0,0.13921063145001727,0.0
3161,1778,0.4222632050514221,0,0.33333333333333337,0.0,0.28150880336761475,0.0
3161,1779,0.3931748569011688,0,0.0,0.0,0.3931748569011688,0.0
3161,1780,0.2689749598503113,0,0.0,0.0,0.2689749598503113,0.0
3161,1781,0.20453768968582153,0,0.0,0.0,0.20453768968582153,0.0
3161,1782,0.23488996922969818,0,0.0,0.0,0.23488996922969818,0.0
3161,1783,0.3020346164703369,0,0.0,0.0,0.3020346164703369,0.0
3161,1784,0.2715204358100891,0,0.0,0.0,0.2715204358100891,0.0
3161,1785,0.2984027862548828,0,0.0,0.0,0.2984027862548828,0.0
3161,1786,0.297428697347641,0,0.0,0.0,0.297428697347641,0.0
3161,1787,0.2458767294883728,0,0.0,0.0,0.2458767294883728,0.0
3161,1788,0.22944991290569305,0,0.0,0.0,0.22944991290569305,0.0
3162,1728,0.014433430507779121,0,0.0,0.0,0.014433430507779121,0.0
3162,1729,0.0121464217081666,0,0.0,0.0,0.0121464217081666,0.0
3162,1730,0.013094007037580013,0,0.0,0.0,0.013094007037580013,0.0
3162,1731,0.008541448973119259,0,0.0,0.0,0.008541448973119259,0.0
3162,1732,0.007479742169380188,0,0.0,0.0,0.007479742169380188,0.0
3162,1733,0.009129301644861698,0,0.0,0.0,0.009129301644861698,0.0
3162,1734,0.008903475478291512,0,0.0,0.0,0.008903475478291512,0.0
3162,1735,0.00819472037255764,0,0.0,0.0,0.00819472037255764,0.0
3162,1736,0.014670902863144875,0,0.0,0.0,0.014670902863144875,0.0
3162,1737,0.013280712068080902,0,0.0,0.0,0.013280712068080902,0.0
3162,1738,0.011044885031878948,0,0.0,0.0,0.011044885031878948,0.0
3162,1739,0.01217403169721365,0,0.0,0.0,0.01217403169721365,0.0
3162,1740,0.011749419383704662,0,0.0,0.0,0.011749419383704662,0.0
3162,1741,0.013165983371436596,0,0.0,0.0,0.013165983371436596,0.0
3162,1742,0.013552114367485046,0,0.0,0.0,0.013552114367485046,0.0
3162,1743,0.022152675315737724,0,0.0,0.0,0.022152675315737724,0.0
3162,1744,0.034876372665166855,0,0.0,0.0,0.034876372665166855,0.0
3162,1745,0.02689446695148945,0,0.0,0.0,0.02689446695148945,0.0
3162,1746,0.026689304038882256,0,0.0,0.0,0.026689304038882256,0.0
3162,1747,0.039506834000349045,0,0.0,0.0,0.039506834000349045,0.0
3162,1748,0.11612518876791,0,0.0,0.0,0.11612518876791,0.0
3162,1749,0.11889966577291489,0,0.0,0.0,0.11889966577291489,0.0
3162,1750,0.12104982137680054,0,0.0,0.0,0.12104982137680054,0.0
3162,1751,0.10723631829023361,0,0.0,0.0,0.10723631829023361,0.0
3162,1752,0.15725158154964447,0,0.0,0.0,0.15725158154964447,0.0
3162,1753,0.21802173554897308,0,0.0,0.0,0.21802173554897308,0.0
3162,1754,0.350287526845932,0,0.33333333333333337,0.0,0.233525017897288,0.0
3162,1755,0.3989454209804535,0,0.6666666666666667,0.0,0.13298180699348447,0.0
3162,1756,0.3753263056278229,1,1.0,0.6518365144729614,0.0,0.3481634855270386
3162,1757,0.45568475127220154,0,0.6666666666666667,0.0,0.1518949170907338,0.0
3162,1758,0.5205172896385193,0,0.5285954792089683,0.0,0.24537420348549283,0.0
3162,1759,0.5602118372917175,0,0.2546440075000701,0.0,0.41755724999477734,0.0
3162,1760,0.5215093493461609,0,0.0,0.0,0.5215093493461609,0.0
3162,1761,0.512944757938385,0,0.0,0.0,0.512944757938385,0.0
3162,1762,0.49236229062080383,0,0.0,0.0,0.49236229062080383,0.0
3162,1763,0.4582568407058716,0,0.33333333333333337,0.0,0.30550456047058105,0.0
3162,1764,0.39163607358932495,0,0.6666666666666667,0.0,0.13054535786310828,0.0
3162,1765,0.32479503750801086,1,1.0,0.5606703758239746,0.0,0.4393296241760254
3162,1766,0.32286250591278076,0,0.6666666666666667,0.0,0.10762083530426023,0.0
3162,1767,0.22702190279960632,0,0.33333333333333337,0.0,0.15134793519973755,0.0
3162,1768,0.19953541457653046,0,0.0,0.0,0.19953541457653046,0.0
3162,1769,0.3054855763912201,0,0.0,0.0,0.3054855763912201,0.0
3162,1770,0.17281778156757355,0,0.0,0.0,0.17281778156757355,0.0
3162,1771,0.3070763349533081,0,0.0,0.0,0.3070763349533081,0.0
3162,1772,0.31484806537628174,0,0.0,0.0,0.31484806537628174,0.0
3162,1773,0.3437003195285797,0,0.0,0.0,0.3437003195285797,0.0
3162,1774,0.3333214819431305,0,0.33333333333333337,0.0,0.22221432129542032,0.0
3162,1775,0.2423747032880783,0,0.6666666666666667,0.0,0.08079156776269275,0.0
3162,1776,0.2923426032066345,1,1.0,0.41005003452301025,0.0,0.5899499654769897
3162,1777,0.4448367655277252,0,0.6666666666666667,0.0,0.14827892184257505,0.0
3162,1778,0.4391557574272156,0,0.33333333333333337,0.0,0.29277050495147705,0.0
3162,1779,0.38951432704925537,0,0.0,0.0,0.38951432704925537,0.0
3162,1780,0.3593016266822815,0,0.0,0.0,0.3593016266822815,0.0
3162,1781,0.30242159962654114,0,0.0,0.0,0.30242159962654114,0.0
3162,1782,0.3266141712665558,0,0.0,0.0,0.3266141712665558,0.0
3162,1783,0.2929876148700714,0,0.0,0.0,0.2929876148700714,0.0
3162,1784,0.29819920659065247,0,0.0,0.0,0.29819920659065247,0.0
3162,1785,0.28822004795074463,0,0.0,0.0,0.28822004795074463,0.0
3162,1786,0.2260180562734604,0,0.0,0.0,0.2260180562734604,0.0
3162,1787,0.19579316675662994,0,0.0,0.0,0.19579316675662994,0.0
3162,1788,0.23110099136829376,0,0.0,0.0,0.23110099136829376,0.0
3163,1728,0.011900311335921288,0,0.0,0.0,0.011900311335921288,0.0
3163,1729,0.009296908043324947,0,0.0,0.0,0.009296908043324947,0.0
3163,1730,0.009483525529503822,0,0.0,0.0,0.009483525529503822,0.0
3163,1731,0.008906499482691288,0,0.0,0.0,0.008906499482691288,0.0
3163,1732,0.00987792294472456,0,0.0,0.0,0.00987792294472456,0.0
3163,1733,0.010251857340335846,0,0.0,0.0,0.010251857340335846,0.0
3163,1734,0.011164125055074692,0,0.0,0.0,0.011164125055074692,0.0
3163,1735,0.008029874414205551,0,0.0,0.0,0.008029874414205551,0.0
3163,1736,0.015667958185076714,0,0.0,0.0,0.015667958185076714,0.0
3163,1737,0.016839507967233658,0,0.0,0.0,0.016839507967233658,0.0
3163,1738,0.014899044297635555,0,0.0,0.0,0.014899044297635555,0.0
3163,1739,0.01492379605770111,0,0.0,0.0,0.01492379605770111,0.0
3163,1740,0.018768196925520897,0,0.0,0.0,0.018768196925520897,0.0
3163,1741,0.02091713808476925,0,0.0,0.0,0.02091713808476925,0.0
3163,1742,0.021106066182255745,0,0.0,0.0,0.021106066182255745,0.0
3163,1743,0.02257785201072693,0,0.0,0.0,0.02257785201072693,0.0
3163,1744,0.02874024398624897,0,0.0,0.0,0.02874024398624897,0.0
3163,1745,0.04469568654894829,0,0.0,0.0,0.04469568654894829,0.0
3163,1746,0.03204711154103279,0,0.0,0.0,0.03204711154103279,0.0
3163,1747,0.04406619071960449,0,0.0,0.0,0.04406619071960449,0.0
3163,1748,0.11956286430358887,0,0.0,0.0,0.11956286430358887,0.0
3163,1749,0.12943895161151886,0,0.0,0.0,0.12943895161151886,0.0
3163,1750,0.09430020302534103,0,0.0,0.0,0.09430020302534103,0.0
3163,1751,0.10807771235704422,0,0.0,0.0,0.10807771235704422,0.0
3163,1752,0.1630631983280182,0,0.0,0.0,0.1630631983280182,0.0
3163,1753,0.2658691704273224,0,0.0,0.0,0.2658691704273224,0.0
3163,1754,0.3409216105937958,0,0.2546440075000701,0.0,0.25410796542881325,0.0
3163,1755,0.33726751804351807,0,0.5285954792089683,0.0,0.15898943272168525,0.0
3163,1756,0.4541487395763397,0,0.6666666666666667,0.0,0.1513829131921132,0.0
3163,1757,0.48604732751846313,1,1.0,0.6169617176055908,0.0,0.3830382823944092
3163,1758,0.48498645424842834,0,0.6666666666666667,0.0,0.16166215141614274,0.0
3163,1759,0.41705775260925293,0,0.33333333333333337,0.0,0.27803850173950195,0.0
3163,1760,0.5128028988838196,0,0.0,0.0,0.5128028988838196,0.0
3163,1761,0.5633397102355957,0,0.0,0.0,0.5633397102355957,0.0
3163,1762,0.5020360946655273,0,0.0,0.0,0.5020360946655273,0.0
3163,1763,0.44147610664367676,0,0.33333333333333337,0.0,0.2943174044291178,0.0
3163,1764,0.4583105444908142,0,0.6666666666666667,0.0,0.15277018149693802,0.0
3163,1765,0.5038385391235352,1,1.0,0.5606703758239746,0.0,0.4393296241760254
3163,1766,0.4272693395614624,0,0.6666666666666667,0.0,0.14242311318715412,0.0
3163,1767,0.3413975238800049,0,0.33333333333333337,0.0,0.22759834925333658,0.0
3163,1768,0.41741830110549927,0,0.057190958417936644,0.0,0.3935457484040889,0.0
3163,1769,0.4319988489151001,0,0.0,0.0,0.4319988489151001,0.0
3163,1770,0.3443028926849365,0,0.0,0.0,0.3443028926849365,0.0
3163,1771,0.3626762628555298,0,0.0,0.0,0.3626762628555298,0.0
3163,1772,0.2915060520172119,0,0.0,0.0,0.2915060520172119,0.0
3163,1773,0.350800096988678,0,0.0,0.0,0.350800096988678,0.0
3163,1774,0.391693651676178,0,0.33333333333333337,0.0,0.26112910111745197,0.0
3163,1775,0.27542003989219666,0,0.6666666666666667,0.0,0.09180667996406554,0.0
3163,1776,0.31340351700782776,1,1.0,0.41005003452301025,0.0,0.5899499654769897
3163,1777,0.45384088158607483,0,0.6666666666666667,0.0,0.1512802938620249,0.0
3163,1778,0.3898598551750183,0,0.33333333333333337,0.0,0.25990657011667884,0.0
3163,1779,0.31016045808792114,0,0.0,0.0,0.31016045808792114,0.0
3163,1780,0.3482707440853119,0,0.0,0.0,0.3482707440853119,0.0
3163,1781,0.3347216546535492,0,0.0,0.0,0.3347216546535492,0.0
3163,1782,0.3436523675918579,0,0.0,0.0,0.3436523675918579,0.0
3163,1783,0.31576913595199585,0,0.0,0.0,0.31576913595199585,0.0
3163,1784,0.29327401518821716,0,0.0,0.0,0.29327401518821716,0.0
3163,1785,0.2638545036315918,0,0.0,0.0,0.2638545036315918,0.0
3163,1786,0.19924628734588623,0,0.0,0.0,0.19924628734588623,0.0
3163,1787,0.26806923747062683,0,0.0,0.0,0.26806923747062683,0.0
3163,1788,0.19068022072315216,0,0.0,0.0,0.19068022072315216,0.0
3164,1728,0.018485447391867638,0,0.0,0.0,0.018485447391867638,0.0
3164,1729,0.010356571525335312,0,0.0,0.0,0.010356571525335312,0.0
3164,1730,0.010590854100883007,0,0.0,0.0,0.010590854100883007,0.0
3164,1731,0.013261403888463974,0,0.0,0.0,0.013261403888463974,0.0
3164,1732,0.014779545366764069,0,0.0,0.0,0.014779545366764069,0.0
3164,1733,0.011743769980967045,0,0.0,0.0,0.011743769980967045,0.0
3164,1734,0.009251948446035385,0,0.0,0.0,0.009251948446035385,0.0
3164,1735,0.007544373162090778,0,0.0,0.0,0.007544373162090778,0.0
3164,1736,0.01582939177751541,0,0.0,0.0,0.01582939177751541,0.0
3164,1737,0.0169921163469553,0,0.0,0.0,0.0169921163469553,0.0
3164,1738,0.01711110584437847,0,0.0,0.0,0.01711110584437847,0.0
3164,1739,0.016715677455067635,0,0.0,0.0,0.016715677455067635,0.0
3164,1740,0.017080087214708328,0,0.0,0.0,0.017080087214708328,0.0
3164,1741,0.016740772873163223,0,0.0,0.0,0.016740772873163223,0.0
3164,1742,0.020093021914362907,0,0.0,0.0,0.020093021914362907,0.0
3164,1743,0.020881999284029007,0,0.0,0.0,0.020881999284029007,0.0
3164,1744,0.02642391063272953,0,0.0,0.0,0.02642391063272953,0.0
3164,1745,0.038449328392744064,0,0.0,0.0,0.038449328392744064,0.0
3164,1746,0.04526194557547569,0,0.0,0.0,0.04526194557547569,0.0
3164,1747,0.05050765722990036,0,0.0,0.0,0.05050765722990036,0.0
3164,1748,0.08728010952472687,0,0.0,0.0,0.08728010952472687,0.0
3164,1749,0.12629786133766174,0,0.0,0.0,0.12629786133766174,0.0
3164,1750,0.13320773839950562,0,0.0,0.0,0.13320773839950562,0.0
3164,1751,0.15294961631298065,0,0.0,0.0,0.15294961631298065,0.0
3164,1752,0.21291805803775787,0,0.0,0.0,0.21291805803775787,0.0
3164,1753,0.33147573471069336,0,0.0,0.0,0.33147573471069336,0.0
3164,1754,0.3290313482284546,0,0.057190958417936644,0.0,0.31021373007372344,0.0
3164,1755,0.33297160267829895,0,0.33333333333333337,0.0,0.22198106845219928,0.0
3164,1756,0.4736696481704712,0,0.6666666666666667,0.0,0.15788988272349036,0.0
3164,1757,0.5599149465560913,1,1.0,0.6169617176055908,0.0,0.3830382823944092
3164,1758,0.5283195972442627,0,0.6666666666666667,0.0,0.17610653241475419,0.0
3164,1759,0.49117881059646606,0,0.33333333333333337,0.0,0.32745254039764404,0.0
3164,1760,0.41259434819221497,0,0.0,0.0,0.41259434819221497,0.0
3164,1761,0.5076596140861511,0,0.0,0.0,0.5076596140861511,0.0
3164,1762,0.49937567114830017,0,0.0,0.0,0.49937567114830017,0.0
3164,1763,0.5820131301879883,0,0.33333333333333337,0.0,0.3880087534586588,0.0
3164,1764,0.5145713090896606,0,0.6666666666666667,0.0,0.1715237696965535,0.0
3164,1765,0.417336642742157,1,1.0,0.5606703758239746,0.0,0.4393296241760254
3164,1766,0.4408915042877197,0,0.6666666666666667,0.0,0.14696383476257321,0.0
3164,1767,0.3825755715370178,0,0.5285954792089683,0.0,0.18034785396676295,0.0
3164,1768,0.421395480632782,0,0.2546440075000701,0.0,0.3140896467020322,0.0
3164,1769,0.3668964207172394,0,0.0,0.0,0.3668964207172394,0.0
3164,1770,0.3987356126308441,0,0.0,0.0,0.3987356126308441,0.0
3164,1771,0.45452117919921875,0,0.0,0.0,0.45452117919921875,0.0
3164,1772,0.41009488701820374,0,0.0,0.0,0.41009488701820374,0.0
3164,1773,0.34162232279777527,0,0.0,0.0,0.34162232279777527,0.0
3164,1774,0.38816025853157043,0,0.33333333333333337,0.0,0.2587735056877136,0.0
3164,1775,0.40123286843299866,0,0.6666666666666667,0.0,0.1337442894776662,0.0
3164,1776,0.31009817123413086,1,1.0,0.41005003452301025,0.0,0.5899499654769897
3164,1777,0.41315770149230957,0,0.6666666666666667,0.0,0.13771923383076984,0.0
3164,1778,0.41627076268196106,0,0.33333333333333337,0.0,0.277513841787974,0.0
3164,1779,0.3836350440979004,0,0.0,0.0,0.3836350440979004,0.0
3164,1780,0.3611285090446472,0,0.0,0.0,0.3611285090446472,0.0
3164,1781,0.31488513946533203,0,0.0,0.0,0.31488513946533203,0.0
3164,1782,0.32956552505493164,0,0.0,0.0,0.32956552505493164,0.0
3164,1783,0.29406309127807617,0,0.0,0.0,0.29406309127807617,0.0
3164,1784,0.2640581727027893,0,0.0,0.0,0.2640581727027893,0.0
3164,1785,0.24590562283992767,0,0.0,0.0,0.24590562283992767,0.0
3164,1786,0.18260841071605682,0,0.0,0.0,0.18260841071605682,0.0
3164,1787,0.2610463500022888,0,0.0,0.0,0.2610463500022888,0.0
3164,1788,0.18563643097877502,0,0.0,0.0,0.18563643097877502,0.0
3165,1728,0.013722816482186317,0,0.0,0.0,0.013722816482186317,0.0
3165,1729,0.013492968864738941,0,0.0,0.0,0.013492968864738941,0.0
3165,1730,0.016056347638368607,0,0.0,0.0,0.016056347638368607,0.0
3165,1731,0.019392192363739014,0,0.0,0.0,0.019392192363739014,0.0
3165,1732,0.011034432798624039,0,0.0,0.0,0.011034432798624039,0.0
3165,1733,0.009597258642315865,0,0.0,0.0,0.009597258642315865,0.0
3165,1734,0.01332278735935688,0,0.0,0.0,0.01332278735935688,0.0
3165,1735,0.012660976499319077,0,0.0,0.0,0.012660976499319077,0.0
3165,1736,0.02165837399661541,0,0.0,0.0,0.02165837399661541,0.0
3165,1737,0.020575886592268944,0,0.0,0.0,0.020575886592268944,0.0
3165,1738,0.01706257089972496,0,0.0,0.0,0.01706257089972496,0.0
3165,1739,0.017506731674075127,0,0.0,0.0,0.017506731674075127,0.0
3165,1740,0.025157339870929718,0,0.0,0.0,0.025157339870929718,0.0
3165,1741,0.023483838886022568,0,0.0,0.0,0.023483838886022568,0.0
3165,1742,0.023806476965546608,0,0.0,0.0,0.023806476965546608,0.0
3165,1743,0.023014679551124573,0,0.0,0.0,0.023014679551124573,0.0
3165,1744,0.03143059462308884,0,0.0,0.0,0.03143059462308884,0.0
3165,1745,0.034830015152692795,0,0.0,0.0,0.034830015152692795,0.0
3165,1746,0.04277006909251213,0,0.0,0.0,0.04277006909251213,0.0
3165,1747,0.049901075661182404,0,0.0,0.0,0.049901075661182404,0.0
3165,1748,0.06321834772825241,0,0.0,0.0,0.06321834772825241,0.0
3165,1749,0.11066993325948715,0,0.0,0.0,0.11066993325948715,0.0
3165,1750,0.16759458184242249,0,0.0,0.0,0.16759458184242249,0.0
3165,1751,0.1600494533777237,0,0.0,0.0,0.1600494533777237,0.0
3165,1752,0.3024488091468811,0,0.0,0.0,0.3024488091468811,0.0
3165,1753,0.3201020658016205,0,0.0,0.0,0.3201020658016205,0.0
3165,1754,0.283362478017807,0,0.0,0.0,0.283362478017807,0.0
3165,1755,0.4496149718761444,0,0.33333333333333337,0.0,0.29974331458409625,0.0
3165,1756,0.574303150177002,0,0.6666666666666667,0.0,0.19143438339233393,0.0
3165,1757,0.5972738265991211,1,1.0,0.6321831941604614,0.0,0.3678168058395386
3165,1758,0.48880043625831604,0,0.6666666666666667,0.0,0.16293347875277198,0.0
3165,1759,0.5030965209007263,0,0.33333333333333337,0.0,0.3353976806004842,0.0
3165,1760,0.45894110202789307,0,0.0,0.0,0.45894110202789307,0.0
3165,1761,0.41617438197135925,0,0.0,0.0,0.41617438197135925,0.0
3165,1762,0.41879531741142273,0,0.0,0.0,0.41879531741142273,0.0
3165,1763,0.4563429057598114,0,0.2546440075000701,0.0,0.3401379194429062,0.0
3165,1764,0.43413522839546204,0,0.5285954792089683,0.0,0.20465330930026787,0.0
3165,1765,0.2774943709373474,0,0.6666666666666667,0.0,0.09249812364578246,0.0
3165,1766,0.46147245168685913,1,1.0,0.5038385391235352,0.0,0.49616146087646484
3165,1767,0.4610925018787384,0,0.6666666666666667,0.0,0.1536975006262461,0.0
3165,1768,0.45852965116500854,0,0.33333333333333337,0.0,0.3056864341100057,0.0
3165,1769,0.47107627987861633,0,0.0,0.0,0.47107627987861633,0.0
3165,1770,0.49127593636512756,0,0.0,0.0,0.49127593636512756,0.0
3165,1771,0.4586353302001953,0,0.0,0.0,0.4586353302001953,0.0
3165,1772,0.4788506031036377,0,0.0,0.0,0.4788506031036377,0.0
3165,1773,0.34669381380081177,0,0.0,0.0,0.34669381380081177,0.0
3165,1774,0.42700645327568054,0,0.33333333333333337,0.0,0.2846709688504537,0.0
3165,1775,0.24943503737449646,0,0.6666666666666667,0.0,0.08314501245816547,0.0
3165,1776,0.41005003452301025,1,1.0,0.41005003452301025,0.0,0.5899499654769897
3165,1777,0.3719281852245331,0,0.6666666666666667,0.0,0.123976061741511,0.0
3165,1778,0.42161908745765686,0,0.33333333333333337,0.0,0.28107939163843787,0.0
3165,1779,0.3464756906032562,0,0.0,0.0,0.3464756906032562,0.0
3165,1780,0.3293355107307434,0,0.0,0.0,0.3293355107307434,0.0
3165,1781,0.33030956983566284,0,0.0,0.0,0.33030956983566284,0.0
3165,1782,0.20993757247924805,0,0.0,0.0,0.20993757247924805,0.0
3165,1783,0.3103250563144684,0,0.0,0.0,0.3103250563144684,0.0
3165,1784,0.25509822368621826,0,0.0,0.0,0.25509822368621826,0.0
3165,1785,0.26000744104385376,0,0.0,0.0,0.26000744104385376,0.0
3165,1786,0.17837932705879211,0,0.0,0.0,0.17837932705879211,0.0
3165,1787,0.25198638439178467,0,0.0,0.0,0.25198638439178467,0.0
3165,1788,0.21520940959453583,0,0.0,0.0,0.21520940959453583,0.0
3166,1728,0.01060128677636385,0,0.0,0.0,0.01060128677636385,0.0
3166,1729,0.013317129574716091,0,0.0,0.0,0.013317129574716091,0.0
3166,1730,0.014290510676801205,0,0.0,0.0,0.014290510676801205,0.0
3166,1731,0.012671205215156078,0,0.0,0.0,0.012671205215156078,0.0
3166,1732,0.013514828868210316,0,0.0,0.0,0.013514828868210316,0.0
3166,1733,0.01146424375474453,0,0.0,0.0,0.01146424375474453,0.0
3166,1734,0.013617089949548244,0,0.0,0.0,0.013617089949548244,0.0
3166,1735,0.014048130251467228,0,0.0,0.0,0.014048130251467228,0.0
3166,1736,0.021153194829821587,0,0.0,0.0,0.021153194829821587,0.0
3166,1737,0.024753212928771973,0,0.0,0.0,0.024753212928771973,0.0
3166,1738,0.022330235689878464,0,0.0,0.0,0.022330235689878464,0.0
3166,1739,0.022491613402962685,0,0.0,0.0,0.022491613402962685,0.0
3166,1740,0.021170388907194138,0,0.0,0.0,0.021170388907194138,0.0
3166,1741,0.025827672332525253,0,0.0,0.0,0.025827672332525253,0.0
3166,1742,0.026415672153234482,0,0.0,0.0,0.026415672153234482,0.0
3166,1743,0.027116697281599045,0,0.0,0.0,0.027116697281599045,0.0
3166,1744,0.02433113381266594,0,0.0,0.0,0.02433113381266594,0.0
3166,1745,0.0309914480894804,0,0.0,0.0,0.0309914480894804,0.0
3166,1746,0.03136146441102028,0,0.0,0.0,0.03136146441102028,0.0
3166,1747,0.033886827528476715,0,0.0,0.0,0.033886827528476715,0.0
3166,1748,0.061827339231967926,0,0.0,0.0,0.061827339231967926,0.0
3166,1749,0.0813739150762558,0,0.0,0.0,0.0813739150762558,0.0
3166,1750,0.10283263772726059,0,0.0,0.0,0.10283263772726059,0.0
3166,1751,0.19497665762901306,0,0.0,0.0,0.19497665762901306,0.0
3166,1752,0.25467026233673096,0,0.0,0.0,0.25467026233673096,0.0
3166,1753,0.2794710397720337,0,0.0,0.0,0.2794710397720337,0.0
3166,1754,0.35939058661460876,0,0.057190958417936644,0.0,0.3388366945197348,0.0
3166,1755,0.4449242949485779,0,0.33333333333333337,0.0,0.29661619663238525,0.0
3166,1756,0.6075112819671631,0,0.6666666666666667,0.0,0.20250376065572098,0.0
3166,1757,0.6169617176055908,1,1.0,0.6321831941604614,0.0,0.3678168058395386
3166,1758,0.4617389440536499,0,0.6666666666666667,0.0,0.1539129813512166,0.0
3166,1759,0.4262136220932007,0,0.33333333333333337,0.0,0.2841424147288004,0.0
3166,1760,0.5047968626022339,0,0.0,0.0,0.5047968626022339,0.0
3166,1761,0.37040743231773376,0,0.0,0.0,0.37040743231773376,0.0
3166,1762,0.4163389801979065,0,0.0,0.0,0.4163389801979065,0.0
3166,1763,0.4381002187728882,0,0.057190958417936644,0.0,0.413044847378159,0.0
3166,1764,0.43438920378685,0,0.33333333333333337,0.0,0.28959280252456665,0.0
3166,1765,0.4454249441623688,0,0.6666666666666667,0.0,0.1484749813874562,0.0
3166,1766,0.489603191614151,1,1.0,0.5038385391235352,0.0,0.49616146087646484
3166,1767,0.46075594425201416,0,0.6666666666666667,0.0,0.15358531475067136,0.0
3166,1768,0.47289982438087463,0,0.33333333333333337,0.0,0.31526654958724976,0.0
3166,1769,0.4613330066204071,0,0.0,0.0,0.4613330066204071,0.0
3166,1770,0.4717038571834564,0,0.0,0.0,0.4717038571834564,0.0
3166,1771,0.4611752927303314,0,0.0,0.0,0.4611752927303314,0.0
3166,1772,0.4472965598106384,0,0.0,0.0,0.4472965598106384,0.0
3166,1773,0.4820159673690796,0,0.0,0.0,0.4820159673690796,0.0
3166,1774,0.36571353673934937,0,0.33333333333333337,0.0,0.24380902449289957,0.0
3166,1775,0.31346195936203003,0,0.6666666666666667,0.0,0.10448731978734332,0.0
3166,1776,0.35623735189437866,1,1.0,0.41005003452301025,0.0,0.5899499654769897
3166,1777,0.25466030836105347,0,0.6666666666666667,0.0,0.08488676945368447,0.0
3166,1778,0.373153418302536,0,0.33333333333333337,0.0,0.248768945535024,0.0
3166,1779,0.2427501529455185,0,0.0,0.0,0.2427501529455185,0.0
3166,1780,0.3208514153957367,0,0.0,0.0,0.3208514153957367,0.0
3166,1781,0.2833797037601471,0,0.0,0.0,0.2833797037601471,0.0
3166,1782,0.18364723026752472,0,0.0,0.0,0.18364723026752472,0.0
3166,1783,0.25456172227859497,0,0.0,0.0,0.25456172227859497,0.0
3166,1784,0.23582370579242706,0,0.0,0.0,0.23582370579242706,0.0
3166,1785,0.23735158145427704,0,0.0,0.0,0.23735158145427704,0.0
3166,1786,0.26713356375694275,0,0.0,0.0,0.26713356375694275,0.0
3166,1787,0.23819313943386078,0,0.0,0.0,0.23819313943386078,0.0
3166,1788,0.22164028882980347,0,0.0,0.0,0.22164028882980347,0.0
3167,1728,0.01211160235106945,0,0.0,0.0,0.01211160235106945,0.0
3167,1729,0.021904807537794113,0,0.0,0.0,0.021904807537794113,0.0
3167,1730,0.01247436460107565,0,0.0,0.0,0.01247436460107565,0.0
3167,1731,0.012534258887171745,0,0.0,0.0,0.012534258887171745,0.0
3167,1732,0.01550876535475254,0,0.0,0.0,0.01550876535475254,0.0
3167,1733,0.01108196284621954,0,0.0,0.0,0.01108196284621954,0.0
3167,1734,0.012317045591771603,0,0.0,0.0,0.012317045591771603,0.0
3167,1735,0.014765296131372452,0,0.0,0.0,0.014765296131372452,0.0
3167,1736,0.0249613206833601,0,0.0,0.0,0.0249613206833601,0.0
3167,1737,0.024370340630412102,0,0.0,0.0,0.024370340630412102,0.0
3167,1738,0.02301674708724022,0,0.0,0.0,0.02301674708724022,0.0
3167,1739,0.027650583535432816,0,0.0,0.0,0.027650583535432816,0.0
3167,1740,0.02713608928024769,0,0.0,0.0,0.02713608928024769,0.0
3167,1741,0.026989659294486046,0,0.0,0.0,0.026989659294486046,0.0
3167,1742,0.026837244629859924,0,0.0,0.0,0.026837244629859924,0.0
3167,1743,0.026095520704984665,0,0.0,0.0,0.026095520704984665,0.0
3167,1744,0.028402958065271378,0,0.0,0.0,0.028402958065271378,0.0
3167,1745,0.029908962547779083,0,0.0,0.0,0.029908962547779083,0.0
3167,1746,0.028201719745993614,0,0.0,0.0,0.028201719745993614,0.0
3167,1747,0.03160664439201355,0,0.0,0.0,0.03160664439201355,0.0
3167,1748,0.05013105273246765,0,0.0,0.0,0.05013105273246765,0.0
3167,1749,0.08344272524118423,0,0.0,0.0,0.08344272524118423,0.0
3167,1750,0.16260738670825958,0,0.0,0.0,0.16260738670825958,0.0
3167,1751,0.25115150213241577,0,0.0,0.0,0.25115150213241577,0.0
3167,1752,0.2540878653526306,0,0.0,0.0,0.2540878653526306,0.0
3167,1753,0.30369678139686584,0,0.0,0.0,0.30369678139686584,0.0
3167,1754,0.41145220398902893,0,0.2546440075000701,0.0,0.30667836587052627,0.0
3167,1755,0.44555166363716125,0,0.5285954792089683,0.0,0.21003506848452294,0.0
3167,1756,0.6571004986763,0,0.6666666666666667,0.0,0.21903349955876664,0.0
3167,1757,0.5850618481636047,1,1.0,0.6321831941604614,0.0,0.3678168058395386
3167,1758,0.5081273913383484,0,0.6666666666666667,0.0,0.16937579711278275,0.0
3167,1759,0.42416515946388245,0,0.33333333333333337,0.0,0.28277677297592163,0.0
3167,1760,0.4504224956035614,0,0.0,0.0,0.4504224956035614,0.0
3167,1761,0.5121870636940002,0,0.0,0.0,0.5121870636940002,0.0
3167,1762,0.430276483297348,0,0.0,0.0,0.430276483297348,0.0
3167,1763,0.46290209889411926,0,0.0,0.0,0.46290209889411926,0.0
3167,1764,0.46768930554389954,0,0.33333333333333337,0.0,0.3117928703625997,0.0
3167,1765,0.3297128677368164,0,0.6666666666666667,0.0,0.10990428924560544,0.0
3167,1766,0.4164751470088959,1,1.0,0.489603191614151,0.0,0.5103968381881714
3167,1767,0.3987770974636078,0,0.6666666666666667,0.0,0.1329256991545359,0.0
3167,1768,0.44315409660339355,0,0.33333333333333337,0.0,0.29543606440226233,0.0
3167,1769,0.4995071589946747,0,0.0,0.0,0.4995071589946747,0.0
3167,1770,0.4506380558013916,0,0.0,0.0,0.4506380558013916,0.0
3167,1771,0.44459789991378784,0,0.0,0.0,0.44459789991378784,0.0
3167,1772,0.43859031796455383,0,0.0,0.0,0.43859031796455383,0.0
3167,1773,0.482503741979599,0,0.0,0.0,0.482503741979599,0.0
3167,1774,0.36205047369003296,0,0.33333333333333337,0.0,0.24136698246002197,0.0
3167,1775,0.36471790075302124,0,0.6666666666666667,0.0,0.12157263358434038,0.0
3167,1776,0.2787867486476898,1,1.0,0.41005003452301025,0.0,0.5899499654769897
3167,1777,0.2195890098810196,0,0.6666666666666667,0.0,0.07319633662700652,0.0
3167,1778,0.3262863755226135,0,0.33333333333333337,0.0,0.217524250348409,0.0
3167,1779,0.2500120997428894,0,0.0,0.0,0.2500120997428894,0.0
3167,1780,0.25130781531333923,0,0.0,0.0,0.25130781531333923,0.0
3167,1781,0.24808639287948608,0,0.0,0.0,0.24808639287948608,0.0
3167,1782,0.1813763827085495,0,0.0,0.0,0.1813763827085495,0.0
3167,1783,0.21237629652023315,0,0.0,0.0,0.21237629652023315,0.0
3167,1784,0.19178622961044312,0,0.0,0.0,0.19178622961044312,0.0
3167,1785,0.18479129672050476,0,0.0,0.0,0.18479129672050476,0.0
3167,1786,0.19406946003437042,0,0.0,0.0,0.19406946003437042,0.0
3167,1787,0.16145005822181702,0,0.0,0.0,0.16145005822181702,0.0
3167,1788,0.19225436449050903,0,0.0,0.0,0.19225436449050903,0.0
3168,1728,0.019192535430192947,0,0.0,0.0,0.019192535430192947,0.0
3168,1729,0.026516851037740707,0,0.0,0.0,0.026516851037740707,0.0
3168,1730,0.010465198196470737,0,0.0,0.0,0.010465198196470737,0.0
3168,1731,0.020274972543120384,0,0.0,0.0,0.020274972543120384,0.0
3168,1732,0.015086478553712368,0,0.0,0.0,0.015086478553712368,0.0
3168,1733,0.011578773148357868,0,0.0,0.0,0.011578773148357868,0.0
3168,1734,0.011892220936715603,0,0.0,0.0,0.011892220936715603,0.0
3168,1735,0.011587616987526417,0,0.0,0.0,0.011587616987526417,0.0
3168,1736,0.01606599986553192,0,0.0,0.0,0.01606599986553192,0.0
3168,1737,0.024813063442707062,0,0.0,0.0,0.024813063442707062,0.0
3168,1738,0.025813326239585876,0,0.0,0.0,0.025813326239585876,0.0
3168,1739,0.023168396204710007,0,0.0,0.0,0.023168396204710007,0.0
3168,1740,0.02531413361430168,0,0.0,0.0,0.02531413361430168,0.0
3168,1741,0.02210403047502041,0,0.0,0.0,0.02210403047502041,0.0
3168,1742,0.02741181291639805,0,0.0,0.0,0.02741181291639805,0.0
3168,1743,0.027681022882461548,0,0.0,0.0,0.027681022882461548,0.0
3168,1744,0.0277941282838583,0,0.0,0.0,0.0277941282838583,0.0
3168,1745,0.024382727220654488,0,0.0,0.0,0.024382727220654488,0.0
3168,1746,0.021804960444569588,0,0.0,0.0,0.021804960444569588,0.0
3168,1747,0.02984682470560074,0,0.0,0.0,0.02984682470560074,0.0
3168,1748,0.034681860357522964,0,0.0,0.0,0.034681860357522964,0.0
3168,1749,0.0480765625834465,0,0.0,0.0,0.0480765625834465,0.0
3168,1750,0.1451452672481537,0,0.0,0.0,0.1451452672481537,0.0
3168,1751,0.2889387905597687,0,0.0,0.0,0.2889387905597687,0.0
3168,1752,0.2890043556690216,0,0.0,0.0,0.2890043556690216,0.0
3168,1753,0.31899940967559814,0,0.0,0.0,0.31899940967559814,0.0
3168,1754,0.40887922048568726,0,0.33333333333333337,0.0,0.27258614699045813,0.0
3168,1755,0.3747902512550354,0,0.6666666666666667,0.0,0.12493008375167844,0.0
3168,1756,0.6321831941604614,1,1.0,0.6321831941604614,0.0,0.3678168058395386
3168,1757,0.5907736420631409,0,0.6666666666666667,0.0,0.19692454735438025,0.0
3168,1758,0.4926462769508362,0,0.5285954792089683,0.0,0.2322356821054948,0.0
3168,1759,0.40420329570770264,0,0.2546440075000701,0.0,0.30127534864395733,0.0
3168,1760,0.319374144077301,0,0.0,0.0,0.319374144077301,0.0
3168,1761,0.38987401127815247,0,0.0,0.0,0.38987401127815247,0.0
3168,1762,0.3977833092212677,0,0.0,0.0,0.3977833092212677,0.0
3168,1763,0.4826961159706116,0,0.0,0.0,0.4826961159706116,0.0
3168,1764,0.4990825057029724,0,0.33333333333333337,0.0,0.33272167046864826,0.0
3168,1765,0.42966246604919434,0,0.6666666666666667,0.0,0.14322082201639807,0.0
3168,1766,0.44036999344825745,1,1.0,0.489603191614151,0.0,0.5103968381881714
3168,1767,0.4205900728702545,0,0.6666666666666667,0.0,0.14019669095675147,0.0
3168,1768,0.4438563585281372,0,0.33333333333333337,0.0,0.2959042390187581,0.0
3168,1769,0.401867151260376,0,0.0,0.0,0.401867151260376,0.0
3168,1770,0.42800429463386536,0,0.0,0.0,0.42800429463386536,0.0
3168,1771,0.4154372811317444,0,0.0,0.0,0.4154372811317444,0.0
3168,1772,0.4080559015274048,0,0.0,0.0,0.4080559015274048,0.0
3168,1773,0.5066354274749756,0,0.0,0.0,0.5066354274749756,0.0
3168,1774,0.3966580331325531,0,0.33333333333333337,0.0,0.2644386887550354,0.0
3168,1775,0.22356359660625458,0,0.6666666666666667,0.0,0.07452119886875151,0.0
3168,1776,0.3681390881538391,1,1.0,0.41005003452301025,0.0,0.5899499654769897
3168,1777,0.3011927902698517,0,0.6666666666666667,0.0,0.1003975967566172,0.0
3168,1778,0.33829718828201294,0,0.33333333333333337,0.0,0.2255314588546753,0.0
3168,1779,0.2412988394498825,0,0.0,0.0,0.2412988394498825,0.0
3168,1780,0.26828429102897644,0,0.0,0.0,0.26828429102897644,0.0
3168,1781,0.2331617772579193,0,0.0,0.0,0.2331617772579193,0.0
3168,1782,0.22017106413841248,0,0.0,0.0,0.22017106413841248,0.0
3168,1783,0.1807606965303421,0,0.0,0.0,0.1807606965303421,0.0
3168,1784,0.18930236995220184,0,0.0,0.0,0.18930236995220184,0.0
3168,1785,0.16060474514961243,0,0.0,0.0,0.16060474514961243,0.0
3168,1786,0.1315593272447586,0,0.0,0.0,0.1315593272447586,0.0
3168,1787,0.20591634511947632,0,0.0,0.0,0.20591634511947632,0.0
3168,1788,0.18775682151317596,0,0.0,0.0,0.18775682151317596,0.0
3169,1728,0.011546116322278976,0,0.0,0.0,0.011546116322278976,0.0
3169,1729,0.04387602210044861,0,0.0,0.0,0.04387602210044861,0.0
3169,1730,0.011043714359402657,0,0.0,0.0,0.011043714359402657,0.0
3169,1731,0.022074691951274872,0,0.0,0.0,0.022074691951274872,0.0
3169,1732,0.00922918226569891,0,0.0,0.0,0.00922918226569891,0.0
3169,1733,0.00933756772428751,0,0.0,0.0,0.00933756772428751,0.0
3169,1734,0.014131314121186733,0,0.0,0.0,0.014131314121186733,0.0
3169,1735,0.014086930081248283,0,0.0,0.0,0.014086930081248283,0.0
3169,1736,0.02670012228190899,0,0.0,0.0,0.02670012228190899,0.0
3169,1737,0.03358450159430504,0,0.0,0.0,0.03358450159430504,0.0
3169,1738,0.022491423413157463,0,0.0,0.0,0.022491423413157463,0.0
3169,1739,0.02355385757982731,0,0.0,0.0,0.02355385757982731,0.0
3169,1740,0.022466816008090973,0,0.0,0.0,0.022466816008090973,0.0
3169,1741,0.02560250274837017,0,0.0,0.0,0.02560250274837017,0.0
3169,1742,0.02428719773888588,0,0.0,0.0,0.02428719773888588,0.0
3169,1743,0.02872885763645172,0,0.0,0.0,0.02872885763645172,0.0
3169,1744,0.025779366493225098,0,0.0,0.0,0.025779366493225098,0.0
3169,1745,0.028893006965517998,0,0.0,0.0,0.028893006965517998,0.0
3169,1746,0.020984504371881485,0,0.0,0.0,0.020984504371881485,0.0
3169,1747,0.03227024897933006,0,0.0,0.0,0.03227024897933006,0.0
3169,1748,0.02918175607919693,0,0.0,0.0,0.02918175607919693,0.0
3169,1749,0.05384993925690651,0,0.0,0.0,0.05384993925690651,0.0
3169,1750,0.13166972994804382,0,0.0,0.0,0.13166972994804382,0.0
3169,1751,0.21043720841407776,0,0.0,0.0,0.21043720841407776,0.0
3169,1752,0.3275628983974457,0,0.0,0.0,0.3275628983974457,0.0
3169,1753,0.36499571800231934,0,0.0,0.0,0.36499571800231934,0.0
3169,1754,0.3918461203575134,0,0.33333333333333337,0.0,0.2612307469050089,0.0
3169,1755,0.36981502175331116,0,0.6666666666666667,0.0,0.12327167391777036,0.0
3169,1756,0.6073645949363708,1,1.0,0.6321831941604614,0.0,0.3678168058395386
3169,1757,0.5139769315719604,0,0.6666666666666667,0.0,0.1713256438573201,0.0
3169,1758,0.4589255452156067,0,0.33333333333333337,0.0,0.3059503634770711,0.0
3169,1759,0.3635944724082947,0,0.057190958417936644,0.0,0.3428001560558003,0.0
3169,1760,0.3715355098247528,0,0.0,0.0,0.3715355098247528,0.0
3169,1761,0.35622966289520264,0,0.0,0.0,0.35622966289520264,0.0
3169,1762,0.3348217010498047,0,0.0,0.0,0.3348217010498047,0.0
3169,1763,0.40782883763313293,0,0.0,0.0,0.40782883763313293,0.0
3169,1764,0.4366002380847931,0,0.33333333333333337,0.0,0.29106682538986206,0.0
3169,1765,0.41390126943588257,0,0.6666666666666667,0.0,0.13796708981196082,0.0
3169,1766,0.2709773778915405,1,1.0,0.489603191614151,0.0,0.5103968381881714
3169,1767,0.40763404965400696,0,0.6666666666666667,0.0,0.13587801655133563,0.0
3169,1768,0.4058012366294861,0,0.33333333333333337,0.0,0.2705341577529907,0.0
3169,1769,0.3964557945728302,0,0.0,0.0,0.3964557945728302,0.0
3169,1770,0.39494645595550537,0,0.0,0.0,0.39494645595550537,0.0
3169,1771,0.3982914984226227,0,0.0,0.0,0.3982914984226227,0.0
3169,1772,0.4285806119441986,0,0.0,0.0,0.4285806119441986,0.0
3169,1773,0.47815847396850586,0,0.0,0.0,0.47815847396850586,0.0
3169,1774,0.49249234795570374,0,0.33333333333333337,0.0,0.3283282319704691,0.0
3169,1775,0.3376947045326233,0,0.6666666666666667,0.0,0.11256490151087441,0.0
3169,1776,0.3044492304325104,1,1.0,0.3706831932067871,0.0,0.6293168067932129
3169,1777,0.3379504680633545,0,0.6666666666666667,0.0,0.11265015602111814,0.0
3169,1778,0.36942440271377563,0,0.33333333333333337,0.0,0.2462829351425171,0.0
3169,1779,0.263851523399353,0,0.0,0.0,0.263851523399353,0.0
3169,1780,0.21143998205661774,0,0.0,0.0,0.21143998205661774,0.0
3169,1781,0.14776547253131866,0,0.0,0.0,0.14776547253131866,0.0
3169,1782,0.20916476845741272,0,0.0,0.0,0.20916476845741272,0.0
3169,1783,0.12213841080665588,0,0.0,0.0,0.12213841080665588,0.0
3169,1784,0.19377350807189941,0,0.0,0.0,0.19377350807189941,0.0
3169,1785,0.1880033165216446,0,0.0,0.0,0.1880033165216446,0.0
3169,1786,0.15208396315574646,0,0.0,0.0,0.15208396315574646,0.0
3169,1787,0.22385604679584503,0,0.0,0.0,0.22385604679584503,0.0
3169,1788,0.14025941491127014,0,0.0,0.0,0.14025941491127014,0.0
